price,area,bedrooms,bathrooms,stories,mainroad,guestroom,basement,hotwaterheating,airconditioning,parking,prefarea,furnishingstatus
17018951,2786,5,1,2,yes,no,no,no,yes,2,no,semi-furnished
12045955,2754,4,3,2,yes,no,no,yes,yes,1,no,unfurnished
9888793,3153,2,1,3,no,yes,no,no,no,0,no,unfurnished
16288020,4993,2,2,1,no,yes,yes,no,yes,3,yes,unfurnished
18707212,3332,5,2,2,no,yes,no,no,no,1,no,unfurnished
16096089,3939,6,4,1,yes,no,yes,no,no,3,yes,semi-furnished
11861185,1874,5,3,2,no,no,yes,no,no,1,yes,furnished
16125251,3930,4,4,2,no,no,yes,no,no,1,no,furnished
13023596,2281,2,1,2,yes,yes,yes,yes,no,1,yes,unfurnished
6172845,1491,1,4,3,yes,yes,no,yes,yes,2,yes,semi-furnished
9675918,2055,3,1,1,no,yes,yes,no,yes,1,no,unfurnished
23345237,4445,3,3,3,no,yes,no,no,no,0,no,semi-furnished
9077121,1609,6,1,3,no,no,no,no,no,1,no,unfurnished
25986339,4533,5,1,3,no,yes,yes,yes,yes,2,yes,furnished
13376014,2565,1,2,2,yes,no,no,no,no,1,yes,furnished
24335890,4429,3,4,1,yes,yes,no,no,no,1,no,semi-furnished
8531203,1738,2,2,2,yes,no,no,yes,yes,0,no,semi-furnished
7973520,1025,6,2,1,no,yes,no,no,no,0,yes,unfurnished
5966525,989,2,2,1,yes,no,no,no,yes,1,no,semi-furnished
8099396,942,6,4,2,yes,yes,no,no,yes,2,no,semi-furnished
11770093,3003,4,1,1,yes,yes,no,yes,yes,2,yes,furnished
12486429,3153,1,2,3,no,no,no,yes,yes,0,yes,unfurnished
8989742,1455,2,3,1,yes,no,yes,yes,yes,0,no,semi-furnished
8324486,1935,6,4,1,yes,no,yes,no,yes,0,no,furnished
20432897,3426,4,3,1,yes,yes,no,no,yes,3,no,unfurnished
21947037,4200,2,4,1,no,no,yes,yes,no,3,no,semi-furnished
14782780,3651,3,2,3,no,yes,no,yes,no,0,no,semi-furnished
13672178,2941,1,3,1,no,no,yes,no,no,0,no,furnished
19202936,3773,3,4,2,no,no,yes,yes,yes,2,yes,semi-furnished
11185785,4123,3,2,3,yes,yes,yes,no,yes,0,yes,furnished
11035819,3392,6,3,1,no,no,no,no,no,1,yes,unfurnished
5143986,1279,3,1,1,yes,no,no,no,yes,2,no,semi-furnished
9330176,1498,1,3,2,no,yes,no,yes,no,3,no,semi-furnished
17683060,3189,3,1,1,no,yes,no,yes,yes,2,yes,semi-furnished
8087142,1473,4,2,3,no,no,yes,yes,yes,2,no,furnished
18181734,4729,3,2,3,no,no,no,yes,yes,1,no,semi-furnished
17547614,3759,3,3,1,no,no,yes,yes,yes,3,yes,semi-furnished
6774653,2428,1,2,3,yes,yes,yes,no,yes,0,no,unfurnished
6292843,768,2,4,3,yes,no,yes,yes,no,1,yes,unfurnished
16469610,3083,6,1,3,yes,no,yes,no,yes,3,no,unfurnished
7894970,1265,3,4,2,no,no,no,yes,no,2,no,furnished
12662022,3654,4,1,1,yes,yes,no,yes,no,1,no,unfurnished
7177984,1022,3,1,2,yes,no,no,yes,no,0,yes,furnished
11751782,2916,5,2,3,yes,yes,no,no,no,1,no,unfurnished
11376095,1578,5,4,1,yes,yes,no,no,yes,2,yes,unfurnished
20739782,4736,1,1,1,no,yes,yes,no,no,0,no,semi-furnished
14640487,3084,2,3,1,yes,yes,yes,no,no,3,yes,unfurnished
7345240,2181,2,2,3,yes,yes,no,no,yes,0,no,unfurnished
11774215,3522,4,3,1,no,no,yes,no,yes,3,no,furnished
6275452,735,6,3,1,yes,no,no,no,yes,3,no,semi-furnished
20547644,4522,6,3,2,no,yes,yes,yes,yes,2,yes,furnished
26814281,4938,1,4,3,yes,no,no,yes,yes,2,yes,semi-furnished
7125140,1443,2,4,1,yes,yes,no,yes,no,1,no,unfurnished
27190663,4987,5,4,3,no,yes,no,no,yes,3,no,unfurnished
16666434,4867,5,4,3,no,yes,yes,yes,no,3,no,semi-furnished
14490077,4319,1,2,1,no,no,no,yes,no,3,no,furnished
5607072,1234,1,3,3,yes,yes,yes,no,no,2,no,unfurnished
13593619,2304,5,3,2,no,yes,no,no,no,3,no,unfurnished
20816795,4713,3,2,3,no,no,yes,yes,yes,0,yes,unfurnished
3833400,732,1,3,2,yes,yes,yes,no,no,0,no,furnished
16986616,3199,4,3,3,yes,yes,yes,no,yes,3,no,semi-furnished
7114940,1697,3,1,1,no,yes,no,no,no,0,no,unfurnished
6848472,2322,2,1,2,yes,yes,yes,yes,yes,3,no,unfurnished
16981355,3141,2,2,3,no,no,yes,no,yes,0,yes,semi-furnished
11887113,2707,4,3,3,no,yes,no,yes,yes,1,yes,unfurnished
9190713,2487,4,3,1,no,yes,yes,yes,no,0,yes,semi-furnished
11570109,1994,5,2,2,no,no,no,yes,yes,1,yes,unfurnished
22982651,4239,1,3,3,yes,no,no,no,no,3,yes,unfurnished
14646831,2846,3,2,3,yes,yes,no,no,no,2,yes,unfurnished
7528750,2251,1,1,1,yes,no,no,no,no,3,no,furnished
12348903,2189,1,3,3,yes,no,yes,yes,no,3,yes,semi-furnished
12903198,2065,5,2,1,yes,no,yes,no,yes,3,yes,semi-furnished
6093114,873,3,4,1,no,yes,no,yes,yes,0,yes,furnished
16111916,4014,6,4,1,no,no,no,yes,yes,3,yes,semi-furnished
11331652,2743,1,3,1,yes,yes,yes,yes,yes,3,yes,unfurnished
17449586,3639,1,2,1,no,no,yes,yes,no,2,yes,semi-furnished
14200406,2119,3,4,3,no,no,no,no,yes,3,yes,semi-furnished
22238958,4798,2,2,3,no,yes,no,yes,yes,0,no,furnished
8432589,1677,6,4,3,yes,no,no,no,yes,1,yes,semi-furnished
18010143,4112,5,1,2,yes,no,no,no,no,2,yes,unfurnished
4833312,1019,1,2,2,yes,yes,yes,yes,no,3,yes,unfurnished
7048153,1074,2,1,3,no,yes,no,yes,no,2,yes,furnished
4280476,983,1,1,1,no,yes,no,no,yes,2,yes,semi-furnished
25899780,4605,5,2,1,yes,yes,no,yes,yes,3,yes,semi-furnished
13047746,2835,2,2,1,yes,no,no,yes,no,2,no,unfurnished
9900490,2910,3,3,1,no,yes,yes,yes,no,2,yes,furnished
14148691,3527,2,4,2,yes,yes,yes,yes,no,0,no,furnished
15385077,3273,2,4,3,no,no,yes,yes,no,2,no,unfurnished
10578925,3755,1,1,3,no,yes,no,no,no,2,yes,furnished
7739301,2121,1,2,1,yes,yes,yes,yes,yes,1,no,semi-furnished
13317959,2242,4,1,3,no,yes,yes,no,no,3,yes,semi-furnished
24496275,4585,1,4,2,yes,yes,yes,yes,no,2,no,unfurnished
15407874,4317,1,2,2,yes,no,yes,no,no,0,yes,furnished
6797769,1039,2,1,3,no,no,no,no,yes,3,yes,furnished
17655528,4914,5,3,1,yes,no,no,no,no,0,no,furnished
15899105,3040,5,1,3,no,yes,no,no,yes,3,yes,furnished
13749207,1969,5,3,2,no,no,yes,yes,yes,3,yes,semi-furnished
6430026,817,5,2,3,no,no,yes,no,no,1,yes,furnished
15804209,3912,5,2,1,yes,no,yes,yes,no,0,yes,semi-furnished
5655249,687,6,1,2,no,no,no,yes,yes,1,yes,unfurnished
17843076,3895,4,2,3,no,yes,no,no,no,2,no,furnished
14597584,3704,6,2,3,no,no,no,yes,no,1,no,furnished
29206667,4972,6,3,2,yes,yes,yes,yes,no,2,yes,furnished
14865652,2582,3,1,1,no,yes,yes,no,no,1,no,unfurnished
16044671,2783,4,3,1,yes,no,no,yes,no,1,no,semi-furnished
11547680,1941,4,2,1,yes,yes,no,no,yes,2,no,semi-furnished
7211423,990,3,1,1,no,yes,no,yes,no,3,yes,unfurnished
15196246,3982,5,1,3,yes,yes,no,no,yes,1,yes,unfurnished
14184640,2497,1,4,2,yes,yes,yes,no,yes,3,no,furnished
6207661,593,6,1,1,no,no,no,yes,yes,0,yes,unfurnished
16603642,3122,5,2,1,no,yes,yes,yes,yes,3,yes,semi-furnished
17517126,3707,6,3,3,no,yes,yes,no,no,3,yes,furnished
11368897,2818,4,1,2,no,no,no,no,yes,0,no,semi-furnished
9751785,2513,3,1,1,yes,yes,no,yes,no,1,yes,unfurnished
7371501,958,5,2,3,no,yes,yes,no,yes,3,no,furnished
19044237,3363,3,3,3,no,yes,no,no,no,1,no,semi-furnished
7226974,975,4,4,2,no,no,yes,yes,yes,3,yes,furnished
13728774,2295,5,4,2,no,yes,yes,no,no,0,no,semi-furnished
10742921,1982,5,1,2,yes,yes,no,yes,yes,0,yes,unfurnished
16751685,3166,6,2,2,no,yes,yes,yes,no,0,no,furnished
15636026,3356,1,2,3,yes,yes,yes,yes,no,2,yes,semi-furnished
16901149,4363,5,1,3,no,yes,yes,no,yes,2,no,unfurnished
15741900,3590,5,4,3,yes,no,yes,no,yes,1,no,unfurnished
6551093,844,4,1,3,yes,no,no,no,yes,2,no,furnished
12191351,4093,2,2,2,yes,no,no,yes,no,3,yes,unfurnished
18481329,4522,5,4,1,yes,yes,yes,no,yes,1,no,semi-furnished
15624385,4172,5,1,1,yes,yes,no,yes,no,3,yes,furnished
19519382,3285,5,3,1,no,yes,yes,yes,yes,0,no,semi-furnished
5168320,985,2,1,1,yes,no,no,no,yes,0,yes,semi-furnished
14256322,3145,4,1,2,yes,yes,yes,no,no,3,yes,unfurnished
12591515,3713,3,3,3,yes,yes,yes,yes,yes,1,yes,unfurnished
10153762,2764,3,1,1,yes,yes,no,yes,no,0,no,furnished
15688316,4583,4,4,1,no,no,no,yes,no,3,no,furnished
8361784,1522,5,3,3,no,no,yes,yes,yes,1,no,furnished
9071469,1211,6,3,2,yes,yes,yes,yes,no,2,yes,semi-furnished
26760099,4541,6,4,3,yes,no,yes,yes,yes,2,yes,furnished
16164306,3296,1,3,2,no,no,yes,no,yes,1,no,unfurnished
7974326,1985,1,1,3,yes,yes,yes,yes,yes,2,yes,furnished
15094103,2298,6,4,3,no,yes,yes,no,yes,0,yes,furnished
13185501,2127,6,4,2,yes,yes,no,yes,yes,3,no,unfurnished
15551459,4738,3,1,2,no,yes,no,yes,yes,2,yes,furnished
16888961,4638,2,3,2,yes,yes,no,no,yes,3,yes,furnished
7731099,1395,1,3,3,yes,no,yes,yes,no,3,no,furnished
18339708,3292,6,4,1,no,no,yes,yes,yes,2,yes,semi-furnished
17383599,4674,3,3,1,yes,yes,yes,no,no,2,yes,furnished
12460844,4856,1,3,1,yes,no,no,no,yes,1,yes,furnished
18182029,3167,6,3,2,yes,yes,no,no,yes,1,no,semi-furnished
15348605,2591,4,3,3,no,yes,no,yes,no,3,yes,semi-furnished
7540679,1074,6,1,2,no,no,yes,yes,yes,1,no,unfurnished
16444101,3826,5,2,1,yes,yes,no,yes,yes,1,no,semi-furnished
7906698,1498,1,2,1,no,no,no,no,no,1,yes,unfurnished
5655643,1282,1,3,2,no,yes,yes,no,yes,3,no,unfurnished
22605194,4241,3,1,3,no,no,yes,yes,no,1,yes,semi-furnished
9452151,1246,6,4,2,no,yes,no,yes,yes,3,yes,unfurnished
12782807,3120,3,2,3,no,yes,no,yes,no,2,no,semi-furnished
10012485,1415,4,4,3,no,no,no,yes,yes,3,yes,semi-furnished
8642443,2424,4,2,1,yes,no,no,yes,no,0,no,furnished
17945819,3404,4,3,3,yes,yes,no,yes,yes,3,no,furnished
12956184,4836,4,3,1,yes,no,no,yes,yes,0,no,furnished
10782659,4058,1,3,3,yes,yes,yes,no,yes,1,no,unfurnished
9584705,2694,3,1,3,yes,no,yes,no,no,1,no,furnished
4041820,841,1,2,2,no,yes,no,yes,no,0,yes,semi-furnished
12887629,2943,1,3,3,yes,no,yes,yes,yes,1,no,semi-furnished
11040500,3567,1,2,1,no,no,yes,yes,yes,0,yes,unfurnished
13531615,1991,5,1,3,yes,yes,no,yes,yes,2,no,semi-furnished
16258316,4109,3,2,2,yes,yes,yes,yes,yes,2,no,semi-furnished
19601752,3984,3,1,3,no,yes,no,yes,yes,3,yes,semi-furnished
11342805,4307,1,4,3,no,yes,no,yes,yes,1,no,furnished
5930099,713,4,1,1,yes,yes,yes,yes,no,0,no,furnished
15906872,2409,5,2,3,yes,no,no,no,no,1,yes,semi-furnished
8186467,1103,4,4,3,no,yes,no,yes,no,3,yes,furnished
15976339,3557,5,3,3,no,no,no,yes,no,0,no,unfurnished
8738611,1356,3,2,1,yes,yes,no,yes,yes,1,yes,semi-furnished
11388319,4136,2,3,2,no,no,no,yes,yes,3,no,furnished
24706540,4789,5,3,2,no,no,no,yes,no,0,no,furnished
18682641,3638,4,2,2,no,yes,no,no,no,0,no,semi-furnished
16451760,3934,3,3,1,no,yes,no,yes,no,1,yes,unfurnished
20200020,4835,1,4,2,yes,yes,yes,yes,yes,1,no,furnished
10311695,2824,3,2,3,yes,yes,no,no,no,0,no,unfurnished
12385541,2077,4,1,1,yes,no,no,no,no,0,yes,furnished
18308103,4214,5,1,1,no,no,no,yes,no,0,yes,furnished
15540981,4929,2,4,2,yes,no,yes,no,no,0,no,furnished
7205735,1585,3,1,2,yes,no,no,yes,yes,0,yes,unfurnished
6428884,1243,1,2,2,no,yes,no,no,no,1,no,semi-furnished
6170095,810,1,2,3,no,yes,no,yes,no,3,yes,semi-furnished
5079014,549,2,3,2,yes,yes,no,yes,yes,0,no,semi-furnished
7394098,1114,1,3,2,no,yes,yes,no,no,0,yes,semi-furnished
9137638,1777,5,4,1,no,no,no,no,yes,2,no,semi-furnished
11218273,2042,3,1,2,yes,yes,no,yes,no,2,yes,unfurnished
16913064,4807,3,1,3,yes,yes,yes,yes,yes,2,no,semi-furnished
17368521,4783,1,2,2,yes,yes,yes,yes,yes,2,no,semi-furnished
11086029,3106,5,3,1,yes,yes,no,no,no,2,no,unfurnished
14809711,3119,2,3,2,yes,yes,yes,yes,yes,0,yes,furnished
17692054,4274,2,3,3,yes,no,no,yes,no,1,yes,furnished
8709916,1270,5,2,2,no,no,no,yes,no,1,yes,semi-furnished
9882666,2084,3,2,1,no,yes,yes,yes,no,1,yes,unfurnished
21928709,4557,4,2,1,no,no,no,no,yes,2,no,unfurnished
7832465,1373,1,4,1,no,no,yes,no,yes,2,yes,furnished
11662622,3269,3,2,1,no,yes,no,no,yes,1,no,semi-furnished
7519269,2288,1,4,2,no,yes,yes,yes,yes,3,no,furnished
9079851,1177,6,4,2,no,no,no,no,no,2,no,unfurnished
14066643,2610,2,4,3,yes,yes,no,no,yes,3,no,semi-furnished
6400707,894,4,1,2,yes,no,yes,yes,no,3,yes,semi-furnished
14274164,2395,4,2,3,no,yes,no,yes,no,3,yes,semi-furnished
8120609,2182,1,3,1,yes,yes,yes,no,yes,0,no,unfurnished
22055805,4859,4,2,3,yes,yes,no,yes,yes,0,no,furnished
16414125,3128,5,4,1,yes,no,no,yes,no,3,yes,furnished
17211982,4432,3,1,2,no,no,yes,yes,yes,2,no,furnished
20753199,3704,4,1,1,no,no,yes,no,yes,2,yes,unfurnished
15053753,2605,4,2,2,no,no,yes,no,yes,2,yes,unfurnished
6325393,1181,4,1,3,yes,no,yes,no,yes,3,no,furnished
18515096,4165,3,3,1,no,no,yes,yes,no,3,no,unfurnished
5955289,578,4,3,3,yes,yes,yes,yes,no,1,yes,furnished
14726144,4690,5,1,2,yes,no,no,yes,no,1,yes,unfurnished
9054111,1655,5,4,1,yes,no,yes,yes,no,3,yes,semi-furnished
18481702,3233,5,4,3,yes,yes,yes,no,yes,0,yes,unfurnished
13612729,1923,5,3,3,no,yes,no,yes,yes,0,yes,unfurnished
20673933,4653,6,2,2,no,no,no,yes,no,0,no,unfurnished
5142961,1144,1,3,3,yes,no,yes,yes,yes,2,yes,semi-furnished
16186994,3950,4,2,3,yes,no,no,yes,no,3,no,semi-furnished
6158532,744,6,1,3,yes,yes,yes,no,yes,2,yes,semi-furnished
28483007,4905,6,3,1,yes,no,no,no,yes,0,no,unfurnished
10915548,4019,3,2,2,no,yes,yes,no,yes,1,yes,semi-furnished
10623291,3450,1,2,3,yes,no,yes,yes,no,1,yes,unfurnished
14441796,2951,3,4,3,no,no,no,no,no,0,yes,semi-furnished
15524797,2532,6,2,2,yes,yes,yes,yes,yes,0,yes,semi-furnished
11708696,3769,5,2,3,yes,yes,yes,yes,yes,1,no,furnished
13225841,4383,2,1,3,yes,no,no,no,no,3,no,semi-furnished
18053813,3262,5,2,2,no,no,yes,yes,yes,3,yes,furnished
5583219,1073,1,1,2,no,no,yes,yes,no,0,no,semi-furnished
10918226,1666,4,3,2,no,no,yes,no,no,2,no,furnished
8752977,1526,4,1,1,yes,yes,yes,yes,no,2,no,furnished
11573441,3561,2,3,1,no,yes,no,yes,no,3,no,unfurnished
12445565,2892,1,3,1,yes,no,no,yes,yes,2,no,semi-furnished
9590929,1190,6,3,2,no,no,no,no,no,1,yes,semi-furnished
7515291,1118,6,1,2,yes,yes,yes,yes,yes,1,yes,furnished
7600612,1410,3,3,1,yes,yes,no,yes,no,1,no,unfurnished
18259110,4400,2,2,3,yes,no,yes,yes,yes,1,yes,furnished
19832936,3891,5,3,2,no,no,yes,no,no,1,no,unfurnished
8905559,2268,5,1,1,no,yes,no,yes,yes,2,no,unfurnished
11549061,4078,2,4,2,yes,no,yes,no,no,0,no,semi-furnished
6490024,908,2,3,2,yes,yes,no,yes,no,0,no,semi-furnished
11164698,2390,1,4,1,yes,yes,yes,yes,no,3,yes,unfurnished
11125860,2711,5,1,3,no,no,no,no,no,3,no,furnished
13387953,2335,2,4,1,no,no,no,yes,no,1,no,semi-furnished
8562794,1089,4,4,2,no,no,yes,no,no,2,yes,furnished
8273150,2114,1,2,2,yes,yes,yes,yes,no,3,yes,furnished
13222530,3795,3,1,2,no,yes,yes,no,no,0,yes,unfurnished
8247275,2813,1,1,2,no,yes,no,no,yes,3,yes,semi-furnished
8473165,1321,5,2,3,yes,no,yes,no,no,1,no,semi-furnished
16890719,3393,4,1,1,yes,no,yes,no,yes,3,no,semi-furnished
6866848,1787,1,3,2,no,no,yes,yes,yes,0,yes,semi-furnished
15824745,2400,4,4,1,no,yes,yes,no,no,3,yes,furnished
3647324,989,1,2,1,no,no,yes,no,yes,0,no,semi-furnished
17497292,4050,4,4,1,no,yes,yes,yes,yes,3,no,furnished
5556982,524,3,3,3,yes,yes,yes,yes,yes,1,yes,unfurnished
7649217,2174,3,1,2,no,no,yes,yes,yes,3,no,furnished
13654216,3523,2,1,3,no,yes,yes,yes,yes,2,no,unfurnished
12172565,2944,4,3,1,no,yes,no,no,no,3,no,unfurnished
7328982,959,2,3,2,yes,yes,yes,no,no,1,no,furnished
21192786,3936,4,2,2,no,no,no,yes,yes,1,yes,furnished
9943189,2617,3,4,1,no,no,no,no,no,2,yes,semi-furnished
5877179,674,6,2,2,no,no,no,no,yes,1,no,unfurnished
5145803,698,2,1,1,yes,no,no,yes,no,3,yes,semi-furnished
5830696,1073,3,1,3,no,no,yes,no,no,0,no,semi-furnished
17205953,4242,1,2,1,no,no,no,yes,yes,1,no,semi-furnished
9433433,1382,4,1,1,yes,no,no,no,yes,2,yes,furnished
4992606,1461,1,1,3,yes,no,yes,no,yes,0,no,unfurnished
10804713,3345,5,1,3,yes,yes,no,no,no,3,yes,unfurnished
12039411,1809,5,4,1,no,no,no,no,no,3,yes,unfurnished
10773425,1479,5,3,1,no,no,no,no,no,0,no,furnished
9729217,2680,5,4,2,yes,yes,no,yes,yes,1,yes,semi-furnished
17709772,4300,6,1,2,yes,no,no,no,no,2,no,unfurnished
18619343,4053,1,2,2,no,yes,yes,yes,no,2,no,furnished
22081243,4585,4,2,3,yes,no,yes,no,no,2,no,unfurnished
12526338,3002,6,4,2,no,yes,yes,no,yes,0,no,semi-furnished
12687961,3432,2,2,1,no,no,no,no,no,3,no,semi-furnished
17370428,2698,6,1,2,yes,no,no,no,no,2,yes,furnished
23737072,4457,6,2,2,no,yes,yes,no,yes,0,yes,furnished
15157384,4503,2,1,2,no,yes,no,no,no,2,no,semi-furnished
8493102,2148,3,2,3,yes,no,no,yes,no,3,yes,semi-furnished
7627414,2029,1,2,3,yes,yes,no,no,no,0,yes,furnished
20371627,4605,6,3,2,yes,no,yes,yes,no,3,no,unfurnished
18331355,4686,5,1,1,yes,no,yes,no,no,2,yes,semi-furnished
22382473,4725,6,1,1,no,no,yes,no,no,0,no,semi-furnished
6420411,2193,1,1,2,no,yes,no,no,no,0,no,unfurnished
8852926,1728,4,2,1,yes,no,yes,no,yes,0,yes,semi-furnished
15015981,3138,3,2,2,yes,yes,no,yes,no,3,yes,semi-furnished
22713948,4819,2,1,1,no,no,yes,no,yes,1,no,furnished
23539183,4577,5,2,2,yes,no,no,yes,yes,1,yes,semi-furnished
15834736,4714,1,4,1,no,yes,yes,no,yes,2,yes,semi-furnished
18099204,3944,3,1,2,no,yes,no,no,yes,1,yes,semi-furnished
16871465,3603,2,1,3,no,no,yes,yes,no,3,yes,semi-furnished
9095381,1240,3,2,3,no,no,no,yes,yes,1,yes,furnished
12437570,1916,4,4,1,yes,yes,no,no,no,1,no,furnished
13734137,2916,5,4,2,no,yes,no,no,no,0,no,semi-furnished
5366759,764,3,4,1,no,no,no,no,yes,3,no,furnished
17692405,4016,3,1,1,yes,no,no,no,no,3,yes,semi-furnished
6317116,1275,1,4,1,yes,no,no,yes,no,0,no,furnished
13914071,4552,2,4,1,no,yes,yes,no,yes,1,no,unfurnished
3853775,800,1,2,2,no,no,yes,yes,no,0,no,furnished
7573949,1430,3,3,3,yes,no,yes,yes,yes,1,no,unfurnished
8522080,1565,2,2,1,no,no,yes,no,no,0,no,semi-furnished
7980259,1354,1,4,2,yes,no,yes,no,no,3,yes,semi-furnished
20561610,3162,6,3,2,no,no,no,no,no,3,yes,semi-furnished
5678947,1329,3,1,1,yes,no,no,no,no,0,no,semi-furnished
10398459,2744,2,3,3,yes,yes,yes,no,yes,1,yes,furnished
13583511,4364,2,1,3,yes,no,yes,yes,no,2,no,unfurnished
10666784,2142,4,3,2,yes,no,no,no,yes,2,yes,semi-furnished
16477224,3426,3,4,1,no,no,no,no,yes,1,yes,furnished
13277116,2206,5,4,2,no,yes,yes,no,yes,3,no,furnished
18530979,3790,2,4,1,no,yes,yes,yes,no,3,no,semi-furnished
15638236,3089,3,3,2,yes,yes,yes,no,no,2,no,unfurnished
24278505,4481,3,4,3,yes,no,no,yes,no,2,no,semi-furnished
24031170,4908,6,1,2,no,no,no,no,no,1,yes,unfurnished
14667194,3060,5,2,1,yes,no,yes,no,no,1,yes,semi-furnished
11909777,3294,5,4,2,yes,yes,yes,yes,no,0,yes,semi-furnished
19632029,4611,3,4,2,no,no,no,yes,no,0,no,semi-furnished
20672932,4540,4,1,3,no,no,no,yes,yes,0,yes,unfurnished
12335701,3282,5,1,1,yes,no,no,yes,no,0,yes,semi-furnished
10495939,1675,5,2,3,yes,yes,yes,yes,yes,3,no,unfurnished
18201235,3636,4,3,2,no,yes,no,yes,yes,1,no,furnished
10840766,2115,2,1,2,yes,no,yes,no,no,1,yes,unfurnished
6314072,1776,1,2,2,no,no,yes,yes,no,3,no,semi-furnished
9149179,1001,5,4,2,yes,no,no,no,yes,3,no,furnished
14226258,2547,2,3,1,no,yes,yes,no,no,0,yes,semi-furnished
13484296,3293,6,4,2,yes,no,no,no,no,1,no,semi-furnished
16726511,3502,4,3,1,yes,yes,no,no,yes,2,no,semi-furnished
7464158,759,6,2,2,no,yes,yes,no,yes,2,no,semi-furnished
8791043,1465,2,4,3,yes,no,no,no,yes,3,no,unfurnished
11210333,2811,3,1,3,no,no,no,yes,yes,0,yes,semi-furnished
21545553,4242,2,1,1,no,yes,no,no,yes,1,no,semi-furnished
20979673,3673,3,3,3,no,no,yes,yes,yes,0,yes,furnished
6537743,1704,2,1,3,yes,yes,no,no,no,1,no,semi-furnished
9673915,2909,1,2,1,yes,no,no,no,no,1,no,semi-furnished
10224873,1872,5,3,2,no,yes,no,no,no,3,yes,unfurnished
6899518,1294,2,4,2,yes,no,no,no,no,2,no,furnished
6277120,797,4,4,2,no,yes,yes,no,yes,3,yes,furnished
11521197,1909,5,2,2,yes,no,no,yes,no,3,yes,unfurnished
12807617,2537,1,4,3,yes,yes,no,yes,no,3,no,unfurnished
11899292,1856,5,4,3,yes,no,no,no,no,2,yes,furnished
7948831,1913,2,1,3,yes,yes,yes,no,no,1,no,semi-furnished
15228972,3217,2,2,2,no,yes,yes,no,yes,0,yes,semi-furnished
15178468,4437,2,2,2,no,no,yes,yes,yes,1,no,furnished
8778789,2560,1,2,2,yes,yes,no,no,no,1,yes,unfurnished
8431743,1925,4,3,2,yes,yes,yes,no,no,0,yes,unfurnished
23645086,4399,6,4,1,no,yes,no,no,no,1,no,semi-furnished
15053539,4140,5,2,2,no,no,yes,no,no,1,no,semi-furnished
9904272,2810,1,2,3,no,no,no,yes,no,3,yes,furnished
11679055,2111,1,4,2,yes,no,no,no,no,3,no,semi-furnished
7350840,1315,2,4,1,no,yes,no,no,no,0,yes,semi-furnished
19287860,3474,1,2,3,no,yes,yes,yes,yes,3,yes,furnished
11246502,3466,2,4,1,no,no,yes,yes,no,3,yes,unfurnished
5547366,923,1,4,2,yes,yes,yes,yes,no,0,no,furnished
12653807,3088,5,1,1,no,no,yes,yes,no,1,yes,unfurnished
7963786,1431,2,2,3,yes,yes,no,no,yes,2,yes,semi-furnished
14040365,2699,6,1,2,yes,yes,yes,yes,no,3,no,semi-furnished
18533961,4517,5,1,1,yes,no,no,no,yes,1,yes,unfurnished
11434286,2973,2,2,2,no,yes,no,no,no,1,yes,unfurnished
27809725,4899,5,4,2,yes,no,no,no,yes,2,yes,unfurnished
10345044,2094,4,1,2,no,no,no,no,no,0,no,semi-furnished
3897209,507,3,2,1,no,yes,yes,yes,yes,2,no,semi-furnished
7954578,983,6,1,2,yes,yes,yes,yes,yes,2,no,furnished
15234171,4829,1,3,3,yes,no,no,no,yes,2,no,unfurnished
7805123,1406,3,1,1,no,yes,no,no,yes,1,no,semi-furnished
26787456,4748,6,2,3,no,yes,no,no,no,2,yes,furnished
13543134,3275,6,1,3,no,yes,yes,no,yes,0,yes,unfurnished
23773552,4747,3,2,3,yes,yes,yes,no,yes,2,yes,unfurnished
5943182,1466,2,2,1,yes,yes,no,yes,no,0,yes,unfurnished
14775165,2858,5,1,2,no,yes,no,yes,yes,0,no,furnished
9533879,3163,1,3,2,yes,yes,no,yes,yes,1,no,semi-furnished
9668818,2274,1,1,1,yes,no,no,no,yes,0,no,unfurnished
17288823,3451,2,1,1,no,yes,no,no,no,1,yes,semi-furnished
11783956,2723,1,1,3,no,no,yes,no,no,2,yes,furnished
11558468,1878,1,4,1,yes,no,yes,no,yes,2,yes,furnished
6049954,1045,5,1,1,yes,yes,yes,yes,yes,3,no,unfurnished
8335107,2653,2,1,3,yes,no,no,no,no,0,yes,unfurnished
15763072,3370,4,1,3,yes,no,yes,yes,no,3,yes,unfurnished
8844223,1367,3,2,2,yes,no,yes,yes,yes,1,no,semi-furnished
12862416,3223,6,3,2,no,no,no,yes,yes,3,no,furnished
12547571,4131,6,1,2,yes,no,no,yes,yes,0,no,semi-furnished
7023675,1439,2,3,1,no,yes,yes,no,yes,0,yes,unfurnished
11040561,3001,5,3,2,yes,yes,no,no,no,3,yes,unfurnished
12269876,1943,4,2,1,yes,yes,yes,yes,yes,1,yes,unfurnished
20382322,3884,1,3,2,yes,yes,yes,no,yes,0,no,semi-furnished
7412282,622,6,3,2,yes,yes,no,no,no,1,no,semi-furnished
13931572,2275,3,3,3,no,yes,yes,yes,no,3,yes,unfurnished
15859939,3294,3,4,3,yes,no,yes,no,no,0,yes,unfurnished
17768415,4312,4,2,1,no,no,no,no,yes,0,no,semi-furnished
22406448,4384,4,3,2,yes,no,yes,yes,yes,1,no,furnished
19045392,4144,2,3,3,no,yes,no,yes,no,3,yes,semi-furnished
20137859,3472,2,4,2,no,no,yes,yes,yes,2,no,unfurnished
18853447,4852,2,2,2,yes,no,yes,no,no,2,yes,semi-furnished
20716159,4194,3,2,3,no,no,no,no,no,2,no,furnished
24617778,4084,5,4,2,yes,yes,no,yes,no,2,no,unfurnished
12171729,2177,1,4,2,no,yes,yes,yes,yes,3,yes,unfurnished
11542604,3541,1,1,3,yes,yes,yes,yes,no,0,yes,furnished
11106823,2219,6,2,1,yes,yes,yes,yes,no,0,yes,furnished
12872813,3707,5,2,1,yes,no,no,yes,no,3,no,furnished
13082078,3159,2,3,3,no,yes,no,yes,no,2,yes,unfurnished
10181800,2703,6,2,3,no,no,no,no,no,1,yes,semi-furnished
22137840,4421,2,4,1,no,no,yes,no,yes,0,yes,semi-furnished
8621828,1506,2,4,3,yes,no,yes,yes,no,3,yes,semi-furnished
19134959,4229,1,3,2,no,yes,yes,yes,no,3,yes,furnished
9056761,2273,3,1,2,yes,yes,no,yes,no,1,no,furnished
13738382,3685,4,3,3,yes,no,yes,no,yes,1,yes,semi-furnished
8448002,2434,3,3,2,yes,no,no,no,yes,2,yes,unfurnished
8816931,2582,5,1,1,yes,yes,no,yes,yes,0,yes,semi-furnished
9840307,2412,4,1,1,no,yes,yes,yes,no,2,yes,semi-furnished
12085628,2710,1,1,1,yes,no,no,no,yes,1,yes,unfurnished
7438433,1033,6,1,3,yes,yes,no,no,yes,1,no,furnished
5851550,1301,2,2,2,yes,no,no,yes,no,0,yes,furnished
5983880,651,2,4,1,yes,yes,yes,yes,yes,3,yes,unfurnished
9043614,2413,1,2,3,no,yes,no,no,yes,2,yes,furnished
16692341,3273,5,3,3,no,yes,yes,no,yes,0,no,semi-furnished
19672755,3911,3,1,2,yes,yes,yes,no,no,3,no,unfurnished
4981604,526,3,2,1,no,yes,yes,yes,no,0,yes,semi-furnished
8535730,2059,3,4,1,yes,no,no,yes,no,3,no,semi-furnished
17682484,2813,4,4,1,no,no,yes,yes,no,2,yes,unfurnished
6522278,947,5,2,1,yes,no,yes,yes,no,0,yes,semi-furnished
12142722,3007,1,2,3,no,yes,no,yes,no,1,no,semi-furnished
19946314,3153,6,4,2,no,yes,yes,yes,no,3,no,furnished
8931438,1442,3,2,2,yes,yes,yes,no,yes,2,yes,unfurnished
13687954,2825,3,4,2,no,yes,no,no,yes,2,no,semi-furnished
9643527,1205,5,4,2,no,no,yes,yes,yes,2,yes,furnished
5744588,966,6,1,1,yes,yes,yes,yes,no,1,yes,semi-furnished
8842550,2200,4,2,3,no,yes,yes,no,no,3,yes,furnished
17170659,3153,3,2,2,no,no,yes,no,no,3,yes,furnished
11497326,2573,5,1,2,no,no,no,no,yes,2,yes,semi-furnished
18882548,3715,1,1,1,yes,yes,yes,no,yes,1,no,semi-furnished
14959944,3263,3,2,1,no,yes,yes,no,no,3,yes,semi-furnished
15714431,4830,3,1,1,no,no,yes,yes,yes,0,no,unfurnished
11263754,1745,5,3,3,yes,yes,no,no,no,3,no,unfurnished
13529928,2883,4,4,1,yes,yes,no,no,yes,2,no,semi-furnished
9324963,1861,1,3,3,yes,yes,yes,yes,no,1,yes,semi-furnished
8729486,1764,5,3,2,no,no,yes,no,no,3,no,unfurnished
7494490,1027,4,4,1,no,no,no,no,yes,3,no,unfurnished
5347057,585,5,3,1,no,no,yes,yes,yes,3,yes,unfurnished
11554107,1477,6,4,1,no,yes,yes,no,no,2,no,furnished
4519117,618,3,1,1,no,yes,yes,no,no,3,yes,semi-furnished
8279761,1321,2,3,2,yes,yes,no,yes,no,3,no,furnished
15339709,2865,3,3,1,yes,yes,yes,no,yes,3,yes,semi-furnished
7164848,1037,6,2,1,yes,no,no,yes,yes,0,yes,furnished
19156900,4365,5,1,1,yes,no,yes,yes,no,3,no,unfurnished
10290531,2012,2,2,2,no,no,yes,no,yes,3,no,unfurnished
9828583,2551,6,3,1,no,no,yes,no,no,1,no,unfurnished
14831405,2253,4,4,3,yes,no,yes,yes,no,2,no,unfurnished
6288765,994,2,1,2,yes,no,no,yes,no,3,yes,unfurnished
6238704,1430,4,1,1,no,no,yes,no,no,0,no,furnished
17543969,3429,5,2,2,yes,yes,yes,yes,no,0,yes,furnished
4341564,876,2,1,1,yes,yes,no,no,no,3,yes,semi-furnished
19401541,4298,4,1,2,no,no,yes,no,no,0,yes,unfurnished
5896469,622,4,2,2,yes,yes,no,yes,no,1,yes,unfurnished
11579592,1866,5,3,2,yes,no,no,yes,no,3,no,unfurnished
4337570,570,2,2,3,yes,no,yes,yes,yes,2,no,unfurnished
17068146,4968,3,3,2,yes,no,yes,yes,yes,2,yes,unfurnished
4577917,1394,1,1,1,no,no,no,yes,no,3,yes,semi-furnished
14177653,4695,3,4,2,no,yes,yes,yes,no,3,yes,unfurnished
8730945,2532,4,2,1,no,no,yes,yes,yes,3,no,unfurnished
4242394,619,2,3,2,yes,no,yes,yes,yes,3,yes,semi-furnished
16755381,2769,5,4,1,yes,no,no,yes,yes,1,yes,furnished
7338096,1947,4,2,3,no,no,no,yes,yes,0,yes,unfurnished
4161566,534,3,1,2,no,no,no,yes,no,3,no,unfurnished
6117620,518,6,3,3,no,yes,yes,yes,yes,3,no,semi-furnished
18750250,3255,5,2,2,no,no,yes,no,yes,2,no,unfurnished
5729739,1201,2,3,2,yes,yes,yes,no,no,0,no,semi-furnished
18327827,3107,4,2,2,yes,yes,yes,yes,yes,3,no,semi-furnished
27911738,4926,5,3,2,yes,no,no,no,yes,0,yes,semi-furnished
8700711,1902,6,3,1,no,yes,yes,no,no,0,no,unfurnished
16228474,4030,2,1,1,no,no,yes,yes,no,2,no,semi-furnished
9324609,1897,2,2,2,yes,no,no,yes,no,3,no,unfurnished
10228097,1581,5,3,3,no,no,no,no,yes,2,yes,unfurnished
22899021,4208,5,4,2,yes,yes,no,yes,no,3,yes,furnished
26103180,4838,6,3,1,no,no,yes,yes,yes,0,no,semi-furnished
6005845,754,3,4,2,no,yes,yes,no,yes,2,yes,unfurnished
18426816,4391,5,2,2,no,yes,no,yes,no,2,no,unfurnished
23685920,4436,3,4,2,yes,yes,no,yes,no,2,no,semi-furnished
10859333,2202,2,1,3,yes,yes,yes,no,yes,3,no,furnished
12054157,1685,5,4,2,no,yes,yes,yes,yes,3,no,semi-furnished
15201507,2403,6,3,3,no,yes,yes,no,yes,2,yes,unfurnished
9030536,2094,4,3,1,no,no,yes,no,no,3,yes,furnished
16781649,2779,4,3,3,no,no,no,yes,yes,3,yes,furnished
11812748,1784,3,3,1,no,yes,yes,no,yes,3,no,semi-furnished
23497961,4945,4,4,1,yes,no,no,yes,yes,0,no,furnished
8624195,2225,2,3,1,yes,no,yes,yes,yes,1,yes,furnished
21721061,4439,4,2,3,no,yes,yes,yes,yes,3,yes,semi-furnished
8077629,2231,2,1,1,yes,no,yes,no,yes,3,yes,semi-furnished
10761265,1994,5,4,3,no,yes,no,yes,yes,3,no,unfurnished
16342892,3110,3,3,2,yes,no,no,yes,no,2,yes,semi-furnished
13392173,2941,5,2,3,yes,yes,yes,no,yes,3,yes,unfurnished
7275107,1091,4,1,3,no,yes,yes,no,yes,0,no,semi-furnished
8200994,1442,1,2,3,no,yes,yes,yes,no,1,yes,semi-furnished
12180751,4177,5,1,2,no,no,yes,yes,yes,1,no,semi-furnished
5079043,569,3,1,2,yes,no,no,yes,yes,2,no,furnished
10011441,1994,1,2,3,yes,no,no,yes,no,1,yes,semi-furnished
12380445,3695,2,2,1,no,yes,no,no,no,1,no,semi-furnished
10096152,3951,1,2,2,no,no,yes,yes,no,0,yes,unfurnished
24589996,4484,4,1,3,no,yes,no,yes,yes,0,yes,unfurnished
9138770,2435,4,1,3,yes,yes,yes,yes,no,2,yes,semi-furnished
17167207,2912,2,4,3,yes,no,yes,yes,no,2,no,semi-furnished
13785825,4746,5,2,1,no,no,no,yes,yes,2,no,unfurnished
9314858,2502,3,3,3,no,yes,yes,yes,yes,3,no,semi-furnished
10108451,1931,2,3,3,no,yes,no,yes,no,2,yes,semi-furnished
15454670,3490,6,1,1,no,no,yes,yes,no,0,no,unfurnished
13864832,4236,1,2,3,yes,yes,yes,yes,no,0,no,furnished
19833955,4364,4,1,3,yes,yes,yes,yes,no,1,no,unfurnished
8136537,1785,6,2,1,yes,no,no,no,yes,2,yes,semi-furnished
13747764,3526,1,4,2,no,no,no,yes,no,3,yes,furnished
20249658,4479,3,2,1,yes,yes,no,yes,yes,2,yes,furnished
4866213,619,1,2,3,no,no,yes,yes,yes,0,yes,semi-furnished
22089734,4704,2,4,2,no,yes,yes,no,yes,2,yes,furnished
17196155,4666,3,1,2,no,no,no,yes,no,2,yes,furnished
23081601,4461,1,1,3,yes,no,no,yes,yes,1,yes,unfurnished
11869000,3557,4,1,3,no,yes,yes,yes,no,1,yes,furnished
6956596,912,5,2,1,no,yes,no,no,no,3,no,unfurnished
12704512,2104,5,1,2,yes,yes,no,yes,yes,2,no,furnished
12265705,3845,2,4,3,yes,no,yes,yes,yes,3,no,semi-furnished
26642677,4996,4,4,3,yes,no,yes,yes,no,0,yes,furnished
9404127,2582,6,1,3,yes,yes,yes,no,yes,1,no,unfurnished
7117595,1366,4,4,2,yes,no,yes,no,no,1,no,semi-furnished
8021466,1767,3,2,2,no,yes,yes,no,no,0,yes,furnished
11080635,3898,3,1,1,yes,yes,yes,yes,no,0,no,furnished
4745660,1071,2,1,3,no,no,yes,yes,yes,2,yes,unfurnished
20281713,3828,1,3,2,no,no,no,yes,no,3,yes,furnished
8966852,1611,4,3,2,no,no,no,yes,yes,3,no,semi-furnished
10258399,4123,1,2,3,no,no,yes,no,yes,1,yes,unfurnished
10794485,1592,6,2,2,yes,yes,no,yes,yes,2,yes,furnished
17009493,3846,4,3,3,yes,yes,no,no,no,1,no,furnished
15021135,3261,6,1,1,yes,yes,no,no,no,3,no,unfurnished
13649835,1940,5,4,3,no,no,no,yes,no,1,no,unfurnished
6141025,1382,1,3,3,yes,no,yes,no,no,3,no,furnished
14744133,2944,6,1,3,yes,yes,no,yes,yes,2,yes,semi-furnished
10243333,2639,3,2,3,yes,no,yes,yes,yes,2,yes,furnished
12752808,3630,2,3,1,yes,yes,no,no,no,3,no,unfurnished
18948414,4082,1,1,3,no,yes,yes,yes,yes,0,yes,unfurnished
6844446,2570,1,1,1,no,no,no,no,yes,0,yes,unfurnished
7747341,1978,1,4,2,no,no,no,yes,yes,2,yes,semi-furnished
17686374,4713,5,2,2,yes,yes,no,yes,yes,3,yes,furnished
13682706,3593,6,1,2,yes,no,no,no,yes,3,yes,furnished
11752417,1784,6,4,3,yes,yes,no,no,yes,1,no,furnished
6045795,1024,3,2,3,no,yes,yes,yes,yes,2,yes,semi-furnished
4499198,656,4,1,3,yes,no,yes,no,yes,0,no,unfurnished
22973165,4692,1,1,1,yes,no,no,no,no,0,yes,unfurnished
15633331,2838,3,4,3,no,yes,no,yes,yes,0,no,furnished
16627891,3387,1,3,2,yes,no,yes,yes,no,0,no,semi-furnished
16834244,4365,6,1,3,no,no,no,yes,no,3,yes,unfurnished
15384699,4997,4,2,2,no,yes,yes,yes,yes,1,no,unfurnished
13923212,3357,2,1,2,no,yes,no,no,yes,3,no,furnished
17581711,3076,2,3,3,yes,yes,no,yes,yes,0,yes,furnished
15307923,2541,4,3,1,no,no,no,yes,yes,3,no,semi-furnished
10355271,1848,3,1,2,no,yes,yes,yes,no,2,no,semi-furnished
12430492,2193,5,4,1,no,no,no,no,no,2,yes,unfurnished
3923914,527,1,1,1,yes,no,yes,no,no,3,no,semi-furnished
12809404,3048,6,4,2,no,no,no,no,yes,2,no,furnished
7794296,982,6,1,1,no,no,no,no,yes,1,no,semi-furnished
7800994,1180,2,4,3,no,yes,yes,yes,no,3,yes,unfurnished
6712071,1574,1,4,2,no,no,yes,yes,no,0,yes,unfurnished
16563651,4134,6,2,3,no,yes,yes,yes,no,3,yes,unfurnished
8676370,1518,3,2,1,no,yes,yes,no,yes,1,yes,furnished
10481636,2383,3,1,3,yes,no,yes,yes,no,1,no,unfurnished
8752287,1717,3,3,3,no,yes,yes,yes,yes,2,no,semi-furnished
6695059,1043,3,3,3,yes,yes,no,yes,no,0,yes,unfurnished
13590222,3714,5,2,1,yes,yes,no,yes,yes,3,yes,semi-furnished
15345836,4730,4,2,1,no,yes,yes,yes,no,2,yes,unfurnished
11001269,2898,1,4,1,yes,no,no,yes,no,2,no,unfurnished
11854519,1833,3,4,3,no,no,yes,yes,yes,0,no,unfurnished
8360141,2345,6,1,1,no,no,yes,no,no,0,yes,semi-furnished
7533050,1142,4,1,2,yes,yes,no,yes,no,3,yes,semi-furnished
18102473,3658,1,1,1,yes,no,yes,no,no,2,no,semi-furnished
8842515,2074,5,3,2,no,no,yes,yes,yes,3,yes,unfurnished
25603793,4777,3,1,3,yes,no,yes,yes,yes,2,no,semi-furnished
19931121,4127,5,1,3,yes,yes,no,yes,no,3,no,semi-furnished
8776908,883,5,4,3,no,yes,no,no,no,1,no,unfurnished
9796941,1653,1,3,2,no,no,yes,no,no,2,no,unfurnished
18333469,4028,6,2,3,yes,yes,yes,yes,yes,2,yes,unfurnished
11580568,1818,2,3,3,no,no,no,no,yes,2,yes,semi-furnished
18887270,4441,4,4,1,no,yes,no,no,yes,0,no,semi-furnished
4868540,631,2,4,1,yes,no,no,no,yes,0,yes,unfurnished
4819742,639,1,3,1,no,yes,no,yes,yes,0,yes,semi-furnished
5151228,689,4,3,1,no,yes,no,yes,yes,1,yes,semi-furnished
12709238,1982,6,3,1,no,yes,no,yes,yes,2,yes,semi-furnished
8587621,1695,4,1,1,yes,yes,no,yes,no,3,no,unfurnished
8051326,1218,2,1,2,yes,yes,yes,yes,no,3,yes,unfurnished
13957337,2516,4,3,3,no,yes,no,yes,yes,3,yes,furnished
13631513,2390,1,4,3,yes,no,yes,no,no,0,yes,furnished
8766275,1858,6,2,2,yes,no,yes,yes,no,0,yes,furnished
4373075,731,1,1,3,yes,yes,no,yes,no,2,yes,unfurnished
8841732,2354,1,4,3,yes,yes,no,yes,yes,1,no,semi-furnished
12092591,3944,5,3,3,yes,no,yes,yes,no,1,yes,unfurnished
11829315,2482,1,1,1,no,no,no,no,yes,2,no,unfurnished
12464237,3499,4,3,2,yes,no,no,no,yes,2,yes,furnished
14373998,2332,4,4,1,yes,yes,no,yes,yes,3,yes,furnished
19574476,3528,5,3,1,no,yes,yes,yes,yes,0,yes,unfurnished
22866252,4534,2,2,1,yes,yes,no,no,no,0,no,furnished
9140416,1826,1,3,3,no,no,no,yes,no,3,no,furnished
23656881,4730,5,3,2,yes,yes,no,yes,yes,1,no,furnished
4862406,1210,2,1,3,no,yes,yes,no,yes,3,no,furnished
7392704,1122,4,1,2,yes,yes,yes,no,no,2,yes,unfurnished
9439256,1343,6,3,1,no,no,no,no,no,1,yes,furnished
12093297,2087,4,3,3,no,yes,no,no,no,2,no,furnished
14158719,2025,6,4,3,no,yes,no,yes,yes,1,yes,semi-furnished
10610056,2145,4,2,3,yes,no,yes,yes,no,3,yes,furnished
7439227,1417,2,2,3,yes,no,yes,no,yes,3,no,unfurnished
5321217,525,6,1,1,yes,no,yes,yes,no,1,yes,furnished
23894369,4578,2,4,2,yes,no,no,yes,yes,3,no,semi-furnished
10514357,2876,2,1,3,yes,no,yes,no,yes,3,no,unfurnished
13172656,3072,1,1,1,yes,yes,yes,yes,no,3,no,unfurnished
7793953,1366,1,2,3,yes,no,no,no,yes,0,yes,furnished
13435277,3584,6,3,1,yes,yes,yes,yes,yes,2,no,furnished
19748587,4128,3,2,1,no,no,yes,no,no,1,yes,unfurnished
6924836,1087,5,4,1,no,yes,yes,yes,yes,1,no,unfurnished
11998772,2246,6,2,3,no,yes,no,yes,no,1,no,furnished
21541498,4557,4,3,1,yes,yes,no,yes,no,1,yes,unfurnished
10754378,2747,4,4,3,yes,yes,no,no,no,0,yes,semi-furnished
10432809,4028,2,3,2,yes,no,yes,no,yes,0,no,furnished
9070062,1558,3,2,3,yes,yes,no,yes,no,3,no,furnished
6014318,1334,3,4,2,yes,yes,no,no,no,0,no,furnished
6251658,632,5,1,2,no,no,no,no,no,0,yes,unfurnished
21517876,3982,2,4,1,yes,yes,yes,no,yes,3,no,furnished
13049536,2626,6,3,2,yes,no,yes,yes,yes,2,yes,semi-furnished
21476655,4957,6,3,1,no,yes,no,no,no,3,yes,furnished
14504603,4137,2,2,2,no,no,yes,no,no,1,yes,semi-furnished
20973164,4820,6,2,2,no,yes,yes,no,no,0,yes,unfurnished
18122139,3775,2,4,1,yes,yes,yes,no,yes,3,no,furnished
12447063,1764,5,3,1,no,yes,no,yes,no,3,no,unfurnished
10689251,1470,6,4,1,no,no,yes,no,yes,2,yes,furnished
8560206,1828,5,1,3,yes,yes,no,yes,no,0,no,semi-furnished
8043253,2294,3,4,3,no,no,no,no,yes,0,yes,furnished
15511667,2763,5,2,1,yes,yes,yes,yes,no,2,yes,unfurnished
5521904,1811,2,1,3,no,no,yes,no,no,1,no,unfurnished
6807475,906,5,2,2,yes,yes,no,yes,no,3,yes,unfurnished
8870383,2258,1,4,2,yes,no,yes,no,yes,0,yes,unfurnished
14732314,3593,2,2,3,no,yes,no,no,no,2,no,unfurnished
16588147,3143,4,3,1,yes,no,yes,yes,yes,1,yes,furnished
19227523,4554,1,4,3,yes,no,yes,no,no,1,yes,unfurnished
14580370,3424,2,4,1,yes,no,no,no,no,3,yes,unfurnished
18467876,3954,4,2,3,no,yes,yes,yes,no,2,yes,unfurnished
20107484,3806,3,1,1,yes,no,no,no,no,3,no,unfurnished
12831738,3222,3,4,3,no,yes,no,yes,yes,0,no,furnished
14683606,4281,6,3,1,no,yes,no,yes,no,3,yes,unfurnished
9512312,2281,3,1,1,yes,yes,no,no,no,1,yes,furnished
8397391,1504,4,1,3,yes,yes,yes,yes,no,2,no,furnished
8866816,2459,2,4,2,no,no,yes,yes,no,0,no,semi-furnished
16998418,3777,4,1,2,yes,yes,yes,yes,no,0,yes,furnished
15570331,4723,5,4,3,yes,no,no,no,no,3,yes,unfurnished
7733294,2404,1,2,2,no,yes,no,no,yes,2,no,semi-furnished
14959829,4726,6,1,3,no,no,yes,yes,yes,0,no,furnished
12138001,2860,5,1,3,no,yes,no,yes,no,2,no,unfurnished
13286024,2604,5,4,2,yes,no,no,no,yes,1,no,semi-furnished
11835708,2001,4,2,2,yes,yes,yes,yes,no,2,no,semi-furnished
16568537,2875,5,1,3,yes,yes,yes,no,yes,3,no,furnished
20445115,3935,1,1,1,no,yes,no,no,no,3,no,furnished
10803477,1957,5,2,2,no,no,no,no,no,3,yes,furnished
7917517,2356,1,4,1,no,yes,yes,yes,no,2,yes,furnished
8791163,3010,3,2,1,no,no,no,no,yes,1,yes,furnished
16418064,4469,1,3,3,yes,no,yes,yes,yes,2,yes,unfurnished
24458004,4160,6,2,3,no,no,no,no,no,3,no,semi-furnished
11579145,1966,3,2,3,yes,no,yes,no,no,0,no,unfurnished
19830131,3618,5,3,1,no,yes,no,yes,no,2,yes,furnished
16575161,4522,5,2,3,no,no,yes,yes,no,3,yes,unfurnished
22340515,4441,3,3,1,yes,no,yes,no,yes,2,yes,unfurnished
15518483,3358,4,3,1,yes,yes,no,yes,no,2,no,furnished
13066924,4902,3,2,1,no,yes,no,yes,yes,3,no,unfurnished
9089014,1303,2,2,2,no,no,yes,yes,no,3,no,semi-furnished
10553262,3077,4,3,1,yes,yes,yes,yes,yes,0,no,unfurnished
21440831,4669,3,1,3,yes,no,no,yes,no,0,yes,unfurnished
15110867,3361,2,2,2,yes,yes,no,yes,no,2,yes,furnished
15144316,3762,1,1,2,no,yes,yes,yes,yes,0,yes,semi-furnished
18207566,3604,2,2,1,no,yes,yes,no,no,2,no,unfurnished
7543151,955,5,2,3,no,yes,yes,no,no,1,yes,semi-furnished
15212575,2820,5,4,3,no,no,yes,no,yes,3,yes,unfurnished
23988902,4516,6,1,1,yes,no,no,no,yes,1,no,semi-furnished
17228935,4574,5,4,1,yes,no,yes,no,no,1,yes,furnished
10090009,1935,6,4,3,yes,yes,yes,no,yes,1,yes,semi-furnished
10605869,2581,1,4,3,yes,no,no,yes,yes,0,no,semi-furnished
15728763,3060,3,2,2,yes,yes,no,no,no,3,no,semi-furnished
26187260,4956,5,2,2,no,yes,yes,yes,yes,0,no,unfurnished
8169590,2186,3,3,1,yes,yes,yes,yes,yes,2,yes,semi-furnished
6129743,772,5,4,1,no,yes,yes,no,yes,0,yes,unfurnished
17079151,3709,3,4,1,yes,yes,no,no,no,2,no,unfurnished
9628627,2292,2,1,3,yes,no,yes,yes,yes,0,no,furnished
18317525,3151,6,4,1,yes,no,yes,yes,no,2,no,unfurnished
14298886,3268,3,2,3,yes,yes,no,no,no,2,no,unfurnished
7489774,1331,1,4,2,no,no,no,no,yes,0,no,unfurnished
9812030,1183,6,3,1,no,no,yes,no,yes,2,yes,unfurnished
8903770,2219,4,4,1,yes,yes,no,yes,yes,3,yes,furnished
5539021,575,6,1,1,yes,yes,no,yes,no,0,no,furnished
9718350,3611,1,1,3,yes,no,yes,yes,yes,2,yes,semi-furnished
16173590,3956,6,1,2,yes,no,no,yes,yes,1,no,unfurnished
9811366,3082,3,1,3,no,no,no,yes,yes,3,no,unfurnished
7540763,1340,4,3,2,yes,yes,no,yes,yes,1,no,furnished
9124037,1351,6,1,2,yes,no,no,no,yes,2,yes,furnished
13578806,3018,6,1,1,no,no,no,yes,no,2,no,furnished
13775954,3896,3,2,2,yes,yes,no,no,yes,1,yes,furnished
15857071,4123,4,2,3,no,no,yes,yes,no,3,yes,unfurnished
5232345,1171,1,1,1,no,yes,yes,no,yes,3,no,semi-furnished
18829219,3700,5,1,1,no,yes,no,no,yes,3,no,unfurnished
11956033,1948,3,2,3,yes,no,no,yes,no,3,no,unfurnished
4703185,1017,1,1,2,no,yes,no,no,no,0,yes,furnished
6330866,1269,1,1,1,no,yes,yes,yes,yes,2,no,furnished
18715423,3620,4,1,3,yes,yes,yes,no,no,3,yes,semi-furnished
5739099,1011,1,1,3,yes,yes,yes,yes,no,0,no,furnished
9938565,2031,5,1,1,no,no,yes,yes,no,2,no,unfurnished
16941559,3497,2,1,2,yes,yes,no,yes,no,2,yes,furnished
10556812,2964,2,4,2,yes,yes,yes,no,yes,3,no,semi-furnished
17102009,3269,6,2,3,no,no,no,no,yes,3,no,unfurnished
16172503,3435,1,2,3,no,no,yes,no,no,3,yes,semi-furnished
5441993,1407,1,2,1,no,yes,no,yes,no,3,no,furnished
6351390,1890,2,2,3,no,yes,no,yes,yes,1,yes,semi-furnished
14606156,3603,5,3,2,no,yes,no,no,no,2,no,unfurnished
16243298,3425,1,2,3,no,yes,yes,yes,yes,0,yes,unfurnished
18004955,3787,5,2,3,yes,no,yes,no,no,1,yes,semi-furnished
13370289,2303,6,1,1,yes,no,no,no,no,1,no,semi-furnished
24655255,3912,6,4,3,no,yes,no,no,yes,3,no,furnished
3667921,789,1,2,2,yes,no,yes,yes,no,1,yes,semi-furnished
9471904,1085,6,4,2,no,no,no,no,no,2,no,unfurnished
6698838,668,5,4,3,no,yes,yes,no,yes,1,yes,unfurnished
10448848,2163,2,3,3,no,yes,no,no,yes,0,no,furnished
3701594,799,1,3,2,no,yes,yes,no,no,0,no,furnished
4570810,602,3,2,2,yes,yes,yes,yes,yes,0,no,unfurnished
6610441,818,3,3,3,no,yes,yes,yes,no,3,yes,furnished
7240164,1641,3,1,1,yes,no,no,yes,yes,3,no,furnished
22721824,4290,5,2,3,yes,no,no,no,no,2,yes,semi-furnished
8717122,2423,2,2,2,yes,yes,no,yes,yes,1,yes,unfurnished
6032028,616,5,1,3,no,yes,yes,yes,yes,1,yes,unfurnished
22640785,4981,5,2,2,no,no,yes,no,no,1,no,unfurnished
10694105,2149,1,2,3,yes,yes,yes,no,no,2,yes,furnished
12926481,3292,2,2,1,no,yes,yes,yes,no,2,yes,unfurnished
12922159,2934,3,2,3,no,yes,no,yes,no,0,yes,furnished
14835451,3242,6,1,3,no,yes,no,yes,yes,0,no,semi-furnished
20612025,4894,5,3,3,no,no,yes,yes,no,2,no,unfurnished
14621977,4943,5,2,3,yes,no,yes,no,yes,3,no,furnished
15056936,2663,5,2,1,no,no,yes,yes,yes,2,no,semi-furnished
16948300,3646,6,1,1,no,yes,no,yes,no,0,yes,furnished
17277827,3209,3,1,3,no,no,yes,yes,yes,1,no,furnished
4039517,577,3,1,1,no,yes,no,yes,yes,1,yes,furnished
5579766,693,2,3,1,no,no,no,yes,no,1,no,unfurnished
12306651,1626,6,4,1,no,no,no,no,no,3,no,semi-furnished
11657895,2821,1,3,2,yes,no,yes,yes,yes,0,yes,furnished
21268632,4919,3,2,2,no,yes,no,yes,no,2,yes,unfurnished
7509209,1056,4,2,2,no,yes,no,no,no,2,no,unfurnished
3819380,530,3,1,2,no,yes,yes,no,yes,2,yes,unfurnished
19145993,4293,1,4,1,yes,yes,no,no,no,3,no,unfurnished
6298967,940,1,2,2,no,yes,no,no,no,0,no,semi-furnished
8954424,2134,2,4,2,yes,yes,yes,no,yes,2,no,unfurnished
9268741,1577,5,3,2,no,yes,yes,yes,no,2,no,semi-furnished
6380642,2020,2,1,1,yes,yes,no,no,yes,0,yes,semi-furnished
13620404,4320,5,1,3,no,no,yes,no,no,1,no,furnished
12444626,2706,4,1,3,yes,no,no,no,yes,0,yes,furnished
17925230,3398,4,4,2,no,yes,no,yes,no,2,yes,semi-furnished
11520084,2350,2,1,3,no,no,yes,yes,no,2,no,semi-furnished
8915337,1873,2,4,3,yes,yes,no,yes,no,1,no,semi-furnished
4779064,731,1,1,3,no,no,yes,no,yes,1,no,unfurnished
5393503,1787,1,1,2,no,yes,no,yes,no,3,yes,furnished
11124667,2451,3,3,3,yes,yes,yes,no,yes,3,yes,unfurnished
4409760,574,5,1,2,yes,yes,no,yes,no,0,no,semi-furnished
13262840,4500,5,3,1,no,yes,yes,yes,no,3,no,semi-furnished
6233092,945,6,1,3,yes,yes,no,no,no,2,yes,unfurnished
9372003,3120,1,3,3,no,yes,yes,no,yes,3,yes,furnished
19133812,4416,3,4,3,yes,no,yes,yes,yes,0,yes,unfurnished
7093329,2033,2,3,2,yes,no,yes,no,yes,2,no,semi-furnished
19201011,4303,6,4,1,no,yes,yes,yes,yes,1,no,semi-furnished
7426678,688,6,4,3,yes,yes,yes,no,no,3,yes,unfurnished
12342282,3460,5,2,3,yes,no,yes,yes,no,0,no,unfurnished
19654361,4665,4,3,3,no,no,yes,yes,no,0,no,semi-furnished
10293402,2666,6,4,1,yes,no,yes,yes,yes,0,yes,unfurnished
23661020,4912,3,1,3,yes,yes,yes,yes,yes,2,yes,unfurnished
11633866,3000,6,4,1,yes,no,yes,yes,no,2,yes,unfurnished
16437988,4070,3,4,2,no,no,yes,yes,yes,3,yes,unfurnished
10102817,1705,6,1,1,yes,no,no,yes,no,2,yes,furnished
15687128,2725,5,3,2,no,no,yes,yes,no,1,yes,semi-furnished
12709967,4799,2,2,2,no,no,yes,no,yes,2,no,furnished
14899718,2535,3,4,2,no,no,yes,yes,yes,3,yes,semi-furnished
7798177,1266,1,4,1,no,no,no,no,yes,3,no,unfurnished
10404607,1458,5,2,1,yes,yes,no,yes,yes,1,no,semi-furnished
8519493,1351,2,3,3,no,no,yes,yes,no,1,yes,semi-furnished
17444930,4660,6,1,3,no,no,no,yes,yes,1,yes,furnished
10890527,2904,4,3,2,no,yes,no,yes,yes,2,no,semi-furnished
7234513,1693,3,4,2,yes,yes,yes,yes,no,1,yes,unfurnished
23499794,4315,3,1,2,no,yes,no,no,no,0,no,semi-furnished
8670900,1762,2,2,2,yes,yes,no,yes,yes,0,no,furnished
14049753,3659,1,2,2,yes,yes,yes,yes,no,2,yes,semi-furnished
26889195,4755,5,2,1,no,no,no,no,no,1,no,unfurnished
17887006,2987,4,4,3,no,yes,yes,no,no,2,no,unfurnished
9997767,1418,4,4,2,no,no,no,yes,yes,1,no,semi-furnished
10117977,2971,6,1,1,yes,yes,no,no,no,2,yes,unfurnished
6083096,757,6,3,2,yes,yes,no,no,no,0,no,furnished
9433054,2410,2,3,3,no,yes,no,no,no,2,yes,unfurnished
7090757,1087,4,2,1,no,no,no,no,yes,1,no,semi-furnished
9145765,1562,3,1,3,yes,no,yes,no,no,1,no,unfurnished
12045756,3554,5,1,2,yes,yes,no,no,no,1,yes,unfurnished
17937096,4106,6,1,3,no,no,yes,yes,no,1,no,semi-furnished
5960950,600,6,1,3,yes,no,yes,yes,yes,0,no,unfurnished
14159701,4223,2,4,2,yes,yes,yes,yes,no,2,yes,semi-furnished
17117329,3808,3,1,1,yes,no,yes,yes,yes,0,yes,furnished
11774683,3151,2,2,2,no,yes,yes,yes,no,2,no,semi-furnished
14913837,4593,6,4,2,no,no,yes,yes,yes,3,yes,furnished
11339489,2368,3,2,3,yes,no,yes,yes,yes,1,yes,unfurnished
9051247,2074,6,1,1,no,yes,yes,yes,no,3,no,unfurnished
12388792,2085,3,2,3,yes,yes,yes,no,yes,3,no,unfurnished
