student_id,age,gender,study_hours,attendance,internet_access,family_income,parent_education,sleep_hours,health_status,previous_grade,final_grade,pass
608c91f2-b4e3-4b47-8d53-1f93a9388f2d,22,Female,1.18,84.22,No,High,Secondary,5.15,Poor,54,59,No
d7d75395-26e4-422c-8083-c90e12f84db9,16,Male,6.86,96.6,No,High,Secondary,6.22,Average,53,100,Yes
4388f414-42a3-437c-aac1-5d2b6d463102,15,Female,9.06,55.21,No,Medium,Higher,8.63,Good,91,85,Yes
0fda4076-aa40-4660-ba8b-85382770f981,19,Male,3.4,91.79,Yes,High,Higher,9.43,Poor,89,98,No
b9c4ca41-732f-4247-b51d-ceef4c48b749,21,Male,7.53,58.11,No,High,Secondary,5.14,Good,50,86,No
615fac35-abf0-4013-b9d8-dbc97f5d157f,19,Male,9.22,66.56,Yes,Low,Primary,9.62,Poor,89,84,Yes
175e32fd-56c9-4b85-a7c3-308c44c0090d,19,Male,4.73,95.41,Yes,Low,Secondary,8.05,Average,99,64,Yes
6a9b8c38-2ad4-4d36-9cca-adec5d10c90a,19,Male,0.48,88.4,No,High,Secondary,7.96,Average,49,53,No
b88d7e8b-8493-429a-92a8-d0b1ceba6c3e,15,Female,5.34,55.01,No,High,Secondary,5.31,Poor,58,66,No
e2707560-b119-43e8-b160-974e985f33c7,18,Female,3.23,52.51,Yes,Medium,Higher,9.66,Poor,83,86,Yes
0b1fa384-b3d1-4915-bb53-acf149fadf61,21,Female,3.14,76.09,No,Medium,Primary,5.32,Good,73,56,Yes
a257cd96-a977-4ab5-bf8c-a5f56302fcf2,17,Female,1.25,81.35,No,Low,Primary,9.35,Poor,61,67,Yes
f7451ce9-118a-458f-a96a-8747e165e239,22,Female,5.85,85.29,No,High,Higher,7.21,Average,98,92,Yes
f37f261c-e370-499d-8e71-fb9de2748dfe,16,Male,6.41,61.38,Yes,Medium,Higher,8.65,Average,70,90,No
8c2cb997-5465-4a3c-bdd4-eb398c389cc5,17,Male,4.22,90.12,No,Medium,Secondary,8.42,Average,65,75,No
a47f7918-825e-4c75-8d21-0b19cde9ae83,21,Male,1.45,70.86,No,Medium,Higher,4.17,Poor,78,49,Yes
d6c46342-97b1-4de7-a0b6-e057d688e6d6,21,Male,7.02,84.38,Yes,High,Higher,5.61,Average,40,43,Yes
4b329503-3cbf-4fd3-8296-b9fe4a06e3e7,15,Female,6.13,73.92,No,High,Primary,7.98,Good,89,67,No
8e541c84-ee1e-4542-a673-1c260ac7c52e,22,Female,4.31,56.76,No,High,Primary,6.98,Good,70,60,No
2e6da2c8-f0d1-45f1-9fbe-96a97af04c1c,22,Male,8.66,58.75,Yes,High,Primary,8.14,Average,59,56,No
6f103a36-d735-467d-91ee-d39f76b028be,19,Male,4.59,54.9,Yes,High,Higher,5.4,Poor,46,98,Yes
242d39c7-0a1f-4f94-acf5-de3eecdd5074,16,Male,9.4,50.31,Yes,High,Secondary,5.21,Good,67,66,Yes
811ef72b-2752-43ff-a829-9bae855de64e,17,Female,5.17,85.34,Yes,Low,Secondary,6.75,Poor,48,87,Yes
5a099f38-6cfb-4a76-a7bf-acface379a32,17,Female,2.42,93.04,Yes,Medium,Secondary,6.09,Average,75,73,No
432ea988-9f5b-438d-8b6b-4fe398ceb489,17,Male,7.39,84.76,No,Low,Higher,9.39,Average,85,88,No
51680b64-e617-423d-b6e9-302a4e0fae21,22,Male,9.94,78.29,No,Medium,Primary,6.41,Poor,41,75,Yes
39ff82c1-43f3-4914-a12f-c78e079a691f,19,Male,9.96,91.7,Yes,High,Secondary,9.81,Average,43,70,Yes
48ea0a94-c692-4293-9531-af413944f6c7,16,Female,4.13,51.49,No,Medium,Primary,4.51,Poor,83,67,No
eaf2c872-9078-437c-8613-751589ac16fd,16,Male,0.84,72.91,No,High,Secondary,9.31,Average,57,54,Yes
c48d2288-e29d-4573-93bf-855b6b9113bc,19,Female,6.58,77.44,No,Medium,Secondary,9.62,Poor,78,47,No
e1079184-41b7-4926-9e3d-b5f70661f5f3,18,Female,8.54,78.29,No,Low,Secondary,9.85,Average,98,95,No
fc00adbc-5ce7-46be-9297-af2a887ca0da,16,Female,9.36,87.08,Yes,High,Secondary,4.24,Poor,66,77,No
6025dd67-f190-4b71-a62c-73aa81c77710,17,Male,3.94,81.87,No,High,Primary,9.21,Good,44,64,Yes
edc2bedb-666e-455e-b319-a1d7c19b2d0d,22,Female,2.94,88.64,Yes,Medium,Higher,9.78,Average,74,98,No
da7d2f24-dc33-411c-8a06-ecd122d53422,17,Male,3.47,82.79,Yes,High,Secondary,8.13,Good,99,85,No
5f05419a-2b78-4e95-9303-28880d524f77,17,Male,3.48,52.13,No,Medium,Secondary,4.56,Good,100,63,No
6560e8db-89ec-4595-a5b3-5f4c0e0adb86,16,Female,8.42,52.01,Yes,High,Secondary,7.4,Good,60,58,Yes
830866c6-ef0f-473f-adc3-a070a6248c8b,21,Female,5.97,85.09,Yes,Medium,Higher,7.71,Poor,78,66,No
e8ce27fb-86bf-4a04-b964-393b3f1413bd,16,Male,9.27,89.9,Yes,High,Primary,4.79,Good,90,93,No
3128d6a9-49ff-4997-b3c9-550a300227a9,15,Male,6.95,81.24,No,Low,Secondary,8.18,Poor,76,65,No
96bb53cd-abd6-49c5-8823-cb42ac5a84c1,20,Male,8.24,81.12,No,High,Higher,8.03,Good,65,66,No
65613049-c85a-423d-9b70-9fbf5b532f82,22,Male,2.65,79.7,No,Low,Primary,5.32,Good,87,93,Yes
46f2d4c2-641c-4abd-852c-9cc777cf633f,15,Female,2.71,81.12,Yes,High,Higher,6.14,Good,68,95,Yes
071ade4d-04e4-42e3-a990-6d08c62f261a,15,Female,7.11,91.11,No,Low,Primary,4.01,Average,68,94,Yes
3626c4eb-1d6b-40fb-9046-3d69ae0c2dad,19,Female,1.25,66.35,No,Medium,Primary,6.05,Poor,61,86,Yes
4d85b289-5cce-4231-83a9-54c74a1d5e5d,22,Female,0.95,63.48,Yes,Medium,Higher,7.06,Average,80,51,Yes
b96ad10e-bb7f-466e-b541-f840868d6caa,15,Female,8.61,67.44,Yes,Low,Higher,8.64,Poor,86,97,No
94d53c18-d92e-4b2c-ad3b-e2c5a59d2e48,19,Male,7.67,65.35,Yes,Low,Secondary,4.14,Good,96,49,Yes
90a07618-53a3-4e64-a134-eb65b210ef5d,20,Female,1.08,69.98,No,High,Primary,6.41,Average,79,81,Yes
fdad6c5e-3cec-44db-9b0e-cf0aa2d9b579,19,Male,3.13,63.55,No,Medium,Higher,5.44,Good,68,69,Yes
54a4f078-ec06-48d3-b683-84593c51ccb5,22,Female,5.08,87.87,Yes,Medium,Higher,4.34,Good,85,72,Yes
759e9f08-48bd-44c0-ac09-1a079f2e5ede,17,Female,4.88,55.43,No,Low,Higher,4.35,Average,68,89,No
35ebc0ff-8c76-4173-acf2-5ad4f76d489f,22,Male,1.99,96.86,Yes,Medium,Secondary,8.18,Good,57,92,No
8272fa1c-e2e0-4ab9-86cd-7e7841c6dd9a,22,Male,9.77,91.42,No,High,Higher,5.71,Average,60,50,No
f40e781d-73cc-49ec-b30e-5f8c778fe937,18,Male,4.24,93.89,Yes,Low,Primary,5.33,Average,49,70,No
f5398b14-5f81-45df-a0e2-ba25b2e73b0b,15,Female,5.15,70.87,No,Low,Primary,5.26,Good,94,53,Yes
6f0bac58-bf6b-458b-92b6-22c3513fa07b,17,Male,6.73,98.84,Yes,Low,Primary,7.35,Good,87,63,Yes
0072c64c-d700-49e8-be43-3bf1520496a5,18,Male,8.81,78.09,No,High,Primary,6.93,Good,74,69,Yes
3837b291-25b2-4d2a-894a-0e467ed6a557,21,Female,2.57,67.0,Yes,Low,Secondary,9.48,Poor,100,71,Yes
a27a95d3-f787-4349-826e-73ee5fbea56a,17,Male,9.9,51.06,No,Medium,Secondary,4.97,Good,72,63,Yes
7270ea36-4bbd-4038-b104-00df85ef5904,20,Male,4.73,71.25,No,High,Higher,5.64,Average,55,96,Yes
1fc28452-461a-4ee7-be2e-a2dd345464ab,15,Female,7.5,56.11,Yes,High,Secondary,6.81,Good,75,42,No
29bbaded-e46a-4bd4-a8a7-61c4ac6b4c04,22,Male,6.98,53.43,Yes,Low,Higher,7.0,Poor,58,79,Yes
359723cd-fa6a-47b0-a8bf-ae63586f237c,20,Male,2.51,86.93,No,Low,Secondary,5.58,Poor,94,61,Yes
824c50d4-3f19-481f-8ac8-a86246224887,20,Female,1.77,90.08,No,Low,Higher,5.23,Poor,63,62,Yes
d0556fbd-8eeb-4dcf-b87c-f28953cac774,20,Female,9.85,60.26,Yes,High,Secondary,7.88,Good,88,60,No
1ca0125e-c4e5-4b07-b44f-5024364da262,18,Male,2.27,55.91,No,High,Primary,9.37,Good,86,74,No
048badce-02ea-42fd-b7f1-e38096074695,18,Female,1.23,87.88,Yes,Low,Secondary,4.14,Poor,82,84,No
8c908834-c65e-4419-8e13-bc2b64f1305b,17,Female,1.03,52.33,No,Medium,Primary,7.5,Average,95,62,Yes
1b093a2d-e20d-43f0-b490-4d687c2ea2ee,22,Male,5.0,66.61,No,Low,Higher,7.49,Poor,97,79,Yes
ec68ab5c-17ee-4004-9c9c-f5941686a22f,15,Female,4.2,56.9,Yes,High,Secondary,6.86,Poor,41,63,Yes
fe06fd69-0583-4f98-b422-378f7bd43d55,19,Male,6.93,75.18,Yes,Low,Primary,6.48,Good,43,79,No
56cb2457-d600-4904-b0fa-68bc011fe5f3,16,Female,5.59,71.51,Yes,Low,Secondary,9.34,Average,97,95,Yes
6f5ad0ba-a46b-4730-8548-965cc8e156f5,21,Female,3.52,60.52,No,Medium,Primary,5.4,Poor,88,73,No
b500d852-69fa-41cd-bfe3-b900e660f4a5,19,Male,7.88,76.65,No,High,Higher,8.92,Poor,55,63,Yes
03f23864-e200-4e0d-bf82-f56c38106ebb,16,Female,0.64,98.58,No,Low,Secondary,4.53,Good,100,81,Yes
fd0cd43a-0611-47a0-939e-70d022a3b30d,17,Female,8.4,68.09,No,High,Primary,6.19,Good,77,94,No
02ead520-0096-46b7-9331-08dc713bb5fa,16,Female,6.89,50.31,Yes,Medium,Higher,4.66,Poor,68,48,Yes
031e5a14-4bf6-46cd-a198-ae87b71e724c,19,Male,1.87,95.71,Yes,Low,Higher,6.38,Good,65,100,No
28995a8a-c464-404c-9ec2-725febe7e04c,19,Female,3.42,80.33,Yes,Medium,Secondary,5.6,Average,98,62,Yes
1a086b93-e11c-4d84-b2b8-e5dfe86aaf5b,19,Female,3.96,61.46,No,High,Secondary,4.27,Good,88,85,No
4c4777e7-fc25-4297-b96e-f45644eb8baa,17,Male,3.98,65.15,Yes,High,Primary,9.64,Poor,52,91,No
7bdaaa91-95b5-43b5-8585-e9cafdd6a56b,16,Male,1.31,96.27,Yes,Medium,Primary,4.15,Good,53,74,Yes
09b285bf-1fe8-4c89-b38f-ec59f9630675,21,Male,5.94,71.72,No,Low,Primary,7.79,Average,70,55,Yes
b6305084-8a41-4413-92b5-22e6b9bd87f1,18,Female,7.21,96.6,No,Medium,Primary,5.42,Poor,84,40,Yes
049322f7-233a-4bd0-be5a-2b9b53d4b573,21,Female,3.19,98.07,Yes,Low,Higher,4.46,Good,100,53,Yes
534a1521-b619-4ad3-8f8c-b6468519a47a,22,Male,7.03,83.41,Yes,High,Secondary,7.24,Average,83,52,Yes
cd50dca4-7c04-4d77-a15a-ccc183ab4c77,22,Male,5.09,63.62,Yes,Low,Secondary,5.59,Poor,91,79,Yes
5dc12294-88e0-43ae-8a11-14a00018b6d6,21,Female,4.27,70.35,No,Low,Higher,5.98,Poor,89,73,Yes
4134cd82-b54d-432a-9c26-102ca3de105f,20,Male,0.49,88.68,No,Low,Secondary,8.52,Average,77,74,Yes
f5ba805e-51dd-4166-b491-3f42854280e8,18,Female,0.46,56.29,No,Medium,Secondary,9.46,Poor,62,83,Yes
f8e97135-1582-46e6-9031-daba99439946,17,Male,4.89,80.01,Yes,High,Secondary,5.37,Average,78,80,Yes
c7cfb6cc-c1dc-47ce-9279-6d1d1265e81e,17,Female,8.55,99.63,Yes,Medium,Secondary,9.99,Poor,76,82,Yes
6791dba1-e63a-42b2-8945-f77c99beb3a4,21,Female,6.29,80.26,Yes,Low,Higher,5.3,Poor,90,99,No
058c7b9d-bcb8-402a-ba6b-a76d202014f4,19,Female,4.52,55.45,Yes,Low,Primary,6.33,Good,99,52,Yes
82f71831-31b6-4765-8c9b-a1a0bde45310,21,Female,3.54,91.29,No,Medium,Higher,9.56,Average,68,42,No
33eb5f07-1ac5-4992-b939-996806edd7cc,22,Male,8.99,68.93,No,Medium,Secondary,8.75,Good,86,45,Yes
928bd49d-35a3-4046-8fa1-76c1f3787f43,16,Male,5.02,57.33,Yes,Low,Primary,7.71,Average,42,82,No
7d28634d-86c8-4ce5-88d2-16f2306f60ca,15,Female,9.43,53.25,No,High,Higher,8.24,Poor,58,55,No
56280f10-6320-44d8-8720-01f35b57a46c,16,Male,7.47,89.61,No,Medium,Secondary,4.58,Good,96,85,Yes
272d19a0-bdbe-490f-9422-18c5136e5983,22,Female,5.53,67.68,Yes,Low,Primary,7.9,Poor,88,87,Yes
7f18b04b-943a-4853-ad22-b239c3244fb1,21,Female,3.86,62.95,No,High,Primary,7.76,Poor,69,82,No
850012a0-a1f9-4d93-b98e-0100841b5fca,18,Male,1.33,82.61,No,Low,Higher,8.9,Poor,49,86,Yes
35bddce5-fb7b-4682-8bb7-b5d1ed457ce4,20,Female,9.12,63.46,No,High,Higher,9.07,Poor,48,100,Yes
51bef669-9ab8-44b6-b072-e3cb0000f0ec,21,Male,7.36,72.61,Yes,Low,Primary,9.68,Average,68,83,Yes
96e26725-6057-4bb8-be29-02515bafba48,18,Male,3.37,72.18,No,High,Secondary,7.66,Good,72,53,Yes
9262150a-9490-4cdf-af91-9c4eeef18a93,17,Male,8.37,83.16,No,High,Secondary,4.86,Good,87,90,No
c7b73365-dfa8-452e-80c8-1324631bdc06,18,Female,5.7,91.4,Yes,High,Secondary,7.27,Poor,87,85,No
64c18055-979d-4d74-adb6-faa80ac4318d,15,Female,9.94,64.81,No,Low,Higher,9.87,Good,75,57,Yes
3d78d759-6e27-4942-9cfc-a9438082468c,22,Male,9.87,59.46,No,High,Primary,8.5,Poor,49,58,No
36f6b3ac-6905-417e-97c7-076d086d10b2,18,Female,0.34,64.45,No,High,Primary,8.43,Average,79,87,No
2beb9388-d8d2-45f9-85ec-19f697dac339,19,Male,8.07,82.52,Yes,Medium,Secondary,4.34,Poor,52,95,Yes
f5919cc0-b979-4058-8c6a-5d61edfd084d,17,Female,4.08,86.33,Yes,High,Secondary,4.72,Good,53,98,Yes
067272ed-6727-40ec-9ef9-b2cac01d0bc4,15,Male,6.73,57.81,Yes,Medium,Primary,4.31,Poor,48,44,No
d76212b3-f8e8-409d-bcb8-a0aa8cc54c43,21,Female,2.07,72.19,Yes,Medium,Higher,4.98,Average,51,87,Yes
67edae57-769a-4352-a558-317222db68d1,16,Male,9.43,61.16,Yes,High,Secondary,8.23,Poor,50,49,No
314d45be-53c2-43d7-beef-d097c77aae2e,21,Male,5.71,71.35,No,Medium,Secondary,5.15,Average,51,54,Yes
eb509702-524d-43d0-9d95-3693d9e9e42f,18,Female,0.55,57.86,No,Low,Primary,4.25,Poor,83,94,Yes
c41450ad-1173-4201-b113-fa85416ea1ab,22,Male,0.78,87.47,Yes,High,Primary,6.15,Poor,44,69,No
a84c25cb-129f-4db5-ab79-da974b418398,16,Female,2.91,73.7,Yes,Low,Secondary,4.51,Poor,69,40,Yes
fc1c2c0a-dd1c-46ee-98b5-4c60eb6fcf1f,18,Female,7.99,97.42,No,High,Secondary,4.2,Poor,66,68,Yes
04c7395b-cdab-419b-b44f-6360ab7ecfc4,18,Male,7.07,66.46,Yes,Medium,Higher,8.17,Good,73,46,No
de337075-64cf-4b75-b94b-ba02237cab96,17,Male,3.1,99.66,Yes,Low,Higher,6.25,Poor,45,92,No
e176f29b-921a-472d-9743-8448ec80745c,18,Female,0.52,69.21,No,High,Primary,7.44,Average,53,69,Yes
131a1696-8c68-4ae2-aec8-89f783f5c81f,18,Male,1.03,89.2,Yes,Low,Higher,4.42,Average,98,70,No
91ea3c3a-602f-4149-ae77-944368d4e30b,20,Female,1.36,96.77,No,High,Higher,4.88,Average,52,48,No
00f39599-4c6c-4199-b792-35cba3194dd9,22,Male,1.98,62.3,Yes,Low,Primary,5.0,Poor,100,64,No
d02094e2-125f-4f19-bf26-390f0ac22376,17,Female,0.19,53.72,Yes,High,Secondary,7.98,Good,80,84,No
74bde851-6433-4ce8-bc02-56b62a0f6f60,21,Male,4.17,89.94,No,Low,Secondary,8.37,Average,73,75,No
f19d13cc-dd44-48b8-b8b1-4167c87ed28b,19,Male,4.56,82.86,Yes,Low,Secondary,5.01,Poor,70,48,Yes
5279e6dc-278c-43a5-9d05-dd982c9a422e,17,Female,1.28,79.15,No,Medium,Higher,4.11,Poor,42,50,No
72b13e6b-cac9-46f1-a6eb-7facfbc64c55,19,Female,2.37,89.49,No,Low,Primary,5.23,Poor,69,63,Yes
3e50b0d8-38d2-4fe2-903e-72d0930c795e,16,Male,3.68,90.53,No,High,Secondary,8.75,Poor,75,42,Yes
f385868f-15e3-489c-a76a-b565d105cc54,18,Male,6.62,90.72,No,Low,Higher,5.18,Poor,74,53,Yes
8daa7001-7df1-4bdb-9cea-07c63f3c69af,16,Male,6.44,86.09,Yes,Medium,Higher,4.51,Poor,95,83,Yes
9df12840-f629-42e3-aacf-1d8e7f7ca64c,16,Female,8.94,55.72,No,Medium,Higher,5.7,Poor,54,82,No
d6a889b4-d84d-4e5b-b27a-e5fd79584929,15,Male,4.65,95.18,Yes,High,Primary,7.75,Good,54,65,Yes
58242161-386f-40bf-9283-c472021e4f21,20,Male,1.06,85.49,Yes,Low,Secondary,4.18,Poor,77,69,Yes
12b99d6c-31a1-47a8-a28c-8486ae38f313,17,Female,9.58,77.14,No,Medium,Secondary,6.8,Poor,69,88,Yes
daacbf52-2653-442d-ad16-c8a873df93ca,21,Female,1.18,75.59,Yes,High,Secondary,9.06,Poor,88,40,Yes
931ee126-745c-459c-9256-250e856167ad,19,Male,3.24,79.34,Yes,Medium,Secondary,9.43,Good,75,68,Yes
378de575-b4a1-4bcc-a1e6-4450ed33c305,18,Male,0.93,99.0,Yes,Medium,Secondary,5.32,Poor,56,83,Yes
34020f6f-c779-4222-b74c-93e4efbf3b5b,19,Female,0.59,73.35,Yes,Medium,Higher,8.48,Poor,75,83,No
b3dd63eb-4941-49dc-9b66-054898c55c9a,22,Male,2.85,80.35,No,Low,Primary,5.49,Poor,64,84,Yes
437d9bc1-63c1-4bc8-ad43-12927704da04,15,Male,1.75,56.09,No,Low,Higher,8.2,Poor,53,80,No
249add43-209e-44d1-a07d-c6d55895b4ea,18,Female,6.61,62.6,No,High,Higher,7.47,Average,70,92,Yes
82c817d2-2204-43b1-a33d-b771c8c4f230,20,Male,4.06,73.84,No,Low,Secondary,7.32,Poor,77,80,Yes
7dce67eb-567d-4172-8544-5c895a838110,19,Female,8.29,76.75,Yes,High,Secondary,5.3,Good,48,80,Yes
4cdac7bd-75c4-4cfd-8f85-171dc86244f7,21,Male,5.51,53.94,No,Low,Higher,7.62,Average,98,46,No
01e875ce-97ce-4a23-8d76-2a00aaa72bb9,15,Male,8.09,80.12,No,Medium,Higher,6.38,Average,78,91,No
3dbfdbaa-2224-4cf0-90bf-c1210e3c3204,16,Male,6.46,51.98,No,Low,Higher,6.8,Average,67,66,Yes
d35b590d-7180-4a85-9e96-466205d2dbb4,18,Male,2.47,97.02,No,High,Secondary,7.64,Poor,94,61,Yes
ccdbc97a-9b2f-4c90-85ab-703af2d3bdcd,17,Female,2.23,78.73,No,High,Primary,5.56,Good,74,53,Yes
7599d6e8-715d-4ab0-b8db-4d45a392277b,20,Female,7.08,72.12,Yes,Low,Higher,6.76,Poor,75,47,No
0a4ffc93-6e0d-498f-a9df-6843ac4efe2a,16,Female,6.58,91.4,No,Low,Higher,5.15,Poor,67,76,Yes
512c59ca-ba0c-4f04-a7e2-37457f5e1c1e,19,Female,5.61,65.54,Yes,Medium,Higher,8.57,Poor,82,41,Yes
c3cefda1-e4f7-4646-bab4-d442686aad82,19,Male,2.02,71.15,No,Medium,Higher,6.74,Poor,65,63,No
d9cebdab-31c1-4262-80eb-36d07e075212,16,Male,9.5,96.35,No,Low,Primary,6.65,Average,40,76,Yes
968e1601-2606-4cbe-a951-06aab3a9bfdf,20,Female,5.95,61.54,No,Low,Secondary,9.55,Poor,65,55,Yes
1e1526dd-f04d-4e33-9548-478e3215baab,19,Male,4.35,82.93,No,Low,Higher,4.85,Average,88,59,Yes
000388f1-1efc-4d64-834f-06c94fa6c848,19,Female,0.3,81.03,No,High,Higher,8.37,Average,65,76,Yes
514f4ce7-cc66-46e7-8323-d66763543554,19,Male,6.31,57.45,No,Medium,Higher,7.26,Average,73,90,No
649d03e6-9d12-4385-b6cb-f18d3d4feb36,19,Male,6.81,77.53,No,Low,Primary,7.15,Average,55,50,Yes
e3e8b7f2-4e65-498d-9c2d-80b83dbc0563,18,Female,2.49,87.81,Yes,High,Primary,8.14,Good,98,86,No
6957d781-274e-4e46-86b3-aa7e4e67b30b,21,Male,9.63,87.73,No,Low,Primary,7.42,Poor,57,43,Yes
fe078f2b-5341-4302-b762-fb1c2a61db56,16,Female,8.83,56.85,Yes,Medium,Higher,9.1,Average,96,63,No
e1185476-e598-4449-b140-b96253ec62d5,19,Male,7.02,69.31,No,Medium,Secondary,6.46,Average,57,62,No
af52382b-ca3d-4edf-b506-e60a58f1b962,17,Female,4.99,69.31,No,High,Primary,5.04,Good,67,55,Yes
a9bf3b2c-52d2-4413-ad96-311eb971f856,21,Female,8.4,82.55,No,Low,Primary,6.92,Good,93,70,No
ccd4d29a-80c4-4c34-aac9-cc54f2ef5bc9,17,Female,7.55,79.15,No,High,Primary,7.55,Average,83,62,No
0637fc43-d373-4fe3-83b9-da503ebd3cb4,22,Female,3.45,69.68,Yes,High,Secondary,7.26,Poor,100,43,No
31a258b5-849c-4f8f-91ba-d97157361221,20,Female,7.72,92.83,No,Low,Higher,6.74,Average,63,82,Yes
5780ab23-e964-4f05-bd10-15757c6a82ca,18,Male,1.99,98.51,No,Low,Secondary,5.7,Average,53,94,No
50c8b521-691d-418d-b3af-bbfbb452e255,16,Male,1.23,56.3,Yes,Low,Secondary,8.56,Poor,50,86,No
ec3e8baf-2af3-49eb-8d76-d7758758fe7d,20,Male,5.03,80.43,Yes,High,Higher,4.3,Poor,64,63,Yes
1c5dc856-9dcb-43fa-8c38-70f1db2dc929,22,Male,8.67,85.42,No,Medium,Higher,4.25,Good,87,94,Yes
01dce59b-d127-42a1-ac96-72a6720ff638,22,Male,3.39,69.48,Yes,High,Secondary,7.53,Poor,52,69,No
49f470aa-c0a4-4f0b-a2dd-235721aff867,16,Male,2.5,64.08,No,Low,Secondary,4.16,Good,41,71,Yes
4337ffd2-faf9-4462-b647-37fce4dd03df,17,Female,7.42,78.06,No,High,Primary,9.24,Good,41,43,Yes
243323ad-0169-4ffe-89b5-3dc613beea3c,22,Female,3.76,95.66,Yes,Low,Secondary,9.33,Good,85,43,Yes
5a284839-e01b-4ea1-8e6b-5edc06e79fb4,18,Female,9.1,95.19,Yes,Low,Secondary,8.2,Average,91,62,No
d7383185-0be1-42b7-80dd-a8138a1d9743,16,Male,8.12,84.85,No,Low,Primary,6.52,Average,57,74,No
d963dfc5-f05d-4ac1-93f3-7c038cecf70e,21,Male,7.25,99.68,No,Medium,Secondary,4.23,Poor,80,80,Yes
eff6f0b9-dce2-4203-a17f-f3cfdb31e2a5,15,Female,4.83,84.77,No,Medium,Primary,7.83,Good,87,81,No
0b5662d3-7690-45a9-9a94-db53129ba468,22,Female,0.56,58.24,Yes,Medium,Secondary,9.17,Average,93,60,Yes
ce2611e8-609b-4c4d-b572-cb5292df3d92,21,Male,7.75,95.95,Yes,Medium,Primary,9.85,Average,68,49,Yes
1d32cb2f-0f02-4c80-887d-a993f78ba795,20,Male,9.73,83.55,No,Low,Secondary,9.19,Average,44,65,No
d6a594fd-45fb-422b-9c81-112c5b1a9d51,18,Male,5.35,65.7,Yes,Low,Higher,6.26,Poor,91,42,Yes
dd139cac-3cd2-46c4-a083-77e049f7593b,18,Female,8.79,88.52,Yes,Low,Higher,4.39,Poor,89,77,No
4c08709c-d5ee-456b-9156-12a1208cdc34,17,Female,4.45,74.56,Yes,High,Primary,10.0,Poor,66,85,No
c0c08dc8-3bdd-4484-a94e-b0bf0e40194e,19,Female,4.45,93.34,Yes,Low,Primary,7.13,Poor,99,54,Yes
5355150d-44fb-48f1-a32d-fe89cd7e58ce,15,Male,1.43,83.82,No,Low,Higher,6.8,Good,46,69,Yes
032245b6-6f86-4995-928e-91bd2086bc0c,16,Female,2.13,97.74,Yes,Low,Primary,8.03,Poor,88,79,No
e80db2d0-0135-4e51-b875-ed2bf739492d,18,Male,2.53,54.96,No,High,Higher,4.56,Poor,99,93,Yes
f6046dc1-bb66-421c-ae55-656d4de645d3,20,Male,8.24,69.62,Yes,Low,Higher,5.79,Average,67,57,No
c43dbc19-fbe8-47c0-964b-86ef9bd98766,22,Female,5.52,69.28,Yes,High,Secondary,5.84,Poor,92,64,No
5907999f-f9ae-412a-aeb3-26c4e362ba59,16,Female,1.54,73.13,No,Low,Primary,5.1,Good,69,52,Yes
7de0bc1e-2427-4969-8ba1-5ab6fa03d623,22,Female,5.86,74.11,No,Medium,Secondary,4.44,Average,85,72,No
3f0cc0ff-839e-4207-8a64-cc69346b76f5,19,Male,7.45,78.02,No,High,Secondary,7.48,Poor,81,92,No
4b8262dc-29ca-4251-a37f-fe4ebe95e324,16,Male,2.35,51.22,No,High,Secondary,9.89,Poor,50,100,No
5b6c43f3-6ca3-4d4c-8bfb-ffab06cb7a9f,18,Male,2.05,92.3,Yes,High,Primary,7.39,Average,57,40,Yes
28d16e3f-a938-4ced-84d9-0546eb014d1d,22,Male,6.37,80.03,Yes,Medium,Secondary,4.22,Good,86,55,No
00ccff2c-9f98-4929-b787-390f0276bd96,15,Male,0.94,83.01,No,Low,Primary,6.72,Average,99,73,No
ac978939-872e-4634-b858-5255adedd589,19,Female,3.21,75.34,Yes,Low,Secondary,5.51,Poor,81,86,Yes
3545e499-2782-4460-b927-d6e249e66e35,16,Male,4.76,75.65,Yes,Medium,Primary,6.62,Good,83,57,No
780063c9-399e-4b7f-bd3f-b67a130fd1d2,20,Female,7.77,85.03,No,Medium,Primary,9.92,Poor,70,72,Yes
bb244688-2209-4e97-b6be-ba5f182652a1,20,Male,8.4,50.83,Yes,Medium,Secondary,7.87,Average,81,87,No
21eaec51-b11e-453c-8003-c6ced43dec8a,16,Male,1.8,82.0,No,High,Primary,4.06,Average,91,89,No
ede28434-3a3d-44d6-99cd-a56813473de2,16,Male,8.5,80.63,No,High,Primary,8.34,Poor,54,94,Yes
61470ded-24ff-4b7a-b067-df02b7b78398,21,Female,0.35,86.59,No,Medium,Secondary,7.14,Poor,96,50,No
16c137d0-fb43-4251-b2e6-4511a70ad79f,20,Female,0.18,97.99,No,High,Secondary,8.93,Good,47,74,No
9a6cf248-f3bf-4d42-ae17-a01fe41b177c,22,Female,2.54,77.57,Yes,Low,Higher,5.6,Average,40,42,No
4649ee18-27ea-4e7f-9680-8006a0782c14,22,Female,4.12,92.02,Yes,Low,Primary,7.52,Good,91,68,No
bb21d3e3-37d4-42c6-bfea-1bdc530d445c,18,Male,9.25,60.94,Yes,High,Higher,4.4,Poor,95,74,Yes
41f7db4a-5c4a-4784-a3f1-154d51c11190,16,Male,1.11,62.15,No,High,Higher,7.88,Average,80,50,No
cbbad076-099f-4b6a-9867-947209e36a7c,22,Male,5.86,82.83,No,Medium,Higher,9.91,Average,83,60,Yes
5674422a-3e6d-4d16-8ef6-cd365ab577be,17,Female,5.24,73.93,No,Low,Primary,5.56,Average,40,49,No
222b064d-2d3a-4aee-9c63-22336828e272,19,Female,5.57,55.88,Yes,High,Secondary,5.99,Average,40,87,Yes
e2a93fbc-3f5a-4463-b38a-a1fb4654cec5,20,Female,6.58,77.87,No,Low,Primary,9.03,Poor,96,75,Yes
ac6e6c50-21ec-4dee-90ed-bcefc23d1796,18,Female,9.96,66.15,Yes,High,Higher,4.15,Average,76,57,Yes
d7439d01-a78f-4f08-a2e5-9d0162c82b20,19,Female,9.45,74.82,Yes,Medium,Primary,4.98,Average,84,94,No
13415ea6-8ac8-4ffb-9d2b-2fecf65d08c7,22,Male,8.57,85.98,Yes,Medium,Higher,8.78,Poor,43,94,No
e372ba78-da1a-4117-a25c-efdad11dec91,20,Male,1.36,81.68,No,High,Secondary,5.42,Average,47,57,Yes
274d9eb7-77c6-4eb7-b23c-9143488f752f,21,Female,4.76,93.0,No,Medium,Primary,8.85,Poor,49,58,Yes
cf7a372f-38ab-4914-8deb-746d52538481,18,Male,2.4,84.75,Yes,High,Primary,5.87,Poor,49,55,No
7fe29f84-ccc7-408c-8d82-5abe2ac721ec,15,Female,7.25,60.83,Yes,Medium,Secondary,8.54,Average,59,99,Yes
ac6f61d0-d81e-4b42-8b51-94a74bdba989,19,Male,6.86,58.71,No,Low,Primary,5.19,Good,83,90,Yes
02ab4dd5-cd2b-42b9-8124-c00a38dc2d43,16,Female,4.29,97.15,Yes,Medium,Higher,6.47,Average,87,79,No
b7b4c652-06f1-419a-ac9f-eacdb927d997,16,Female,7.36,60.17,Yes,Low,Primary,8.33,Good,93,86,Yes
ddd226a2-cc9e-4152-bf83-d5297c42fa6f,18,Female,4.67,85.93,Yes,Medium,Higher,8.94,Average,90,69,Yes
1225e6bd-b63c-4295-a616-1b562bc26a9c,21,Male,6.47,75.38,Yes,Medium,Secondary,9.95,Average,60,46,Yes
c9608c61-5fe6-4a5c-80fa-696f3234ace3,22,Female,8.21,85.68,Yes,Medium,Secondary,6.93,Good,82,90,Yes
71054f20-55f5-43c0-88f2-fca600a58944,17,Female,5.83,65.22,Yes,Low,Higher,5.55,Good,45,49,Yes
214d4213-b765-4678-a637-35e5fa9f0865,19,Male,1.94,57.25,No,High,Secondary,9.22,Good,100,53,Yes
43b1ca1e-b812-4033-905c-b86488195ad6,17,Male,2.41,81.19,No,Low,Secondary,6.7,Poor,41,79,No
1f3bd3fd-6ecd-40b3-a9f6-3d4bb248b081,21,Male,7.28,54.67,Yes,Medium,Higher,8.86,Good,63,54,No
1d9ba56a-1039-4c67-92bf-e92aa7c71ea2,18,Male,8.52,72.95,No,Low,Higher,7.14,Average,92,93,Yes
e511c40f-e9e6-4b31-ab76-2735c3e8fcb3,21,Female,5.31,63.76,Yes,Medium,Secondary,6.72,Poor,92,100,No
5251a0be-f824-49b1-b7a8-578015dabc8e,20,Male,1.88,63.28,No,High,Higher,9.82,Good,60,67,No
7ab87b88-e376-4669-a058-caf07a6f4ff0,16,Male,0.18,73.03,Yes,Low,Primary,4.4,Poor,64,94,No
56208405-7063-4c91-bb25-1d3ad6eaa886,18,Male,4.78,70.71,No,Low,Secondary,4.94,Poor,87,46,No
b37eba64-fffb-4ad1-8cc0-87325e20e938,22,Male,4.12,96.81,No,Low,Secondary,5.31,Poor,49,62,No
447eed2f-37f0-46ed-a315-070d41bde5f3,20,Male,8.95,96.55,No,Medium,Primary,7.17,Poor,89,99,Yes
779d2c51-740b-4fd0-a45d-7aec1892076a,15,Male,1.94,89.24,Yes,Medium,Primary,8.62,Average,76,61,No
e9359016-9874-44bb-afde-5de97f88b3fc,16,Male,0.51,65.13,No,Medium,Higher,4.32,Poor,94,45,No
8bb9ca25-284d-4b95-81dd-afb25796c5be,22,Female,4.5,82.92,No,High,Secondary,9.52,Good,87,54,Yes
bf06af14-a1e4-4c36-863c-df578357a692,15,Female,5.22,93.51,No,High,Secondary,5.26,Average,44,68,Yes
1c179b17-6060-46ee-b17a-fb27221960b1,20,Female,2.23,83.7,No,High,Higher,8.95,Poor,43,59,No
1091aa2c-424f-4f14-a296-f3bffb63249b,22,Female,6.38,91.42,Yes,High,Higher,9.3,Average,100,82,Yes
fd1678d8-965c-45c2-8ea3-240b94051bc9,20,Male,3.67,74.02,Yes,High,Primary,7.3,Poor,81,96,Yes
6c819eb7-2fa4-43c5-8cdd-66e04e8f59ae,16,Female,6.15,51.79,No,Low,Primary,9.27,Good,78,74,Yes
51c2631b-865b-49d9-b680-79a862567be7,17,Female,7.15,65.43,Yes,High,Secondary,7.35,Average,47,42,No
5174271b-dae2-4a59-be4f-1cb128be0b41,19,Male,0.81,82.23,No,Medium,Higher,9.91,Good,55,73,Yes
b28a6629-7338-4386-ab3b-dfd108fc00ca,15,Female,8.61,88.85,No,High,Primary,8.76,Poor,55,55,No
a9db51cc-5a3f-4a2a-a4ab-0f682b395173,16,Female,4.67,52.96,No,Low,Higher,9.34,Average,71,100,Yes
58bca002-c66e-476a-819f-ddc63a3f39eb,18,Female,8.21,67.94,Yes,Medium,Higher,5.51,Average,99,73,No
ead8f76e-68d3-4fb4-ac8d-d030a15a7428,22,Male,2.87,72.56,Yes,Medium,Higher,5.88,Poor,99,99,Yes
69a7e3d2-607c-4ef8-8029-fd805cdce29a,18,Male,9.36,69.74,No,Medium,Secondary,8.12,Average,94,46,Yes
ff76b905-e4f6-498f-be4a-87ced6cc66b2,20,Male,0.62,97.17,No,Medium,Higher,8.4,Poor,55,55,Yes
d27b5e53-c0cd-4220-b482-2ac132f1b6cc,16,Male,8.67,78.69,No,Medium,Primary,7.07,Average,88,58,Yes
4264670d-9fb1-4573-934e-76207dbe5907,19,Female,9.01,82.62,No,Low,Primary,7.83,Good,51,60,No
5d067307-5316-4c4a-95a7-1d366cc2f4ff,20,Male,4.89,96.69,Yes,Medium,Secondary,7.99,Average,90,46,Yes
19b455ec-1dc5-46f1-a73f-59a36d30e465,20,Male,6.15,52.89,Yes,High,Higher,8.51,Good,61,98,No
55cd4d21-32d0-40f8-b74b-16ec900032b2,21,Female,4.37,52.64,Yes,Low,Secondary,9.38,Average,80,92,Yes
6238eea2-5426-4199-9a21-12331f49f0be,15,Female,9.06,93.13,Yes,High,Primary,4.28,Good,83,100,Yes
0b36f8e5-c8a2-45ee-8df6-2881ee9cfa82,18,Male,7.83,77.72,Yes,Medium,Higher,8.74,Poor,98,79,Yes
45a158db-1c15-4cb8-ad32-8156f1395b1b,22,Female,0.16,88.07,Yes,Low,Secondary,9.17,Average,62,97,Yes
15362b67-7ada-4cef-8414-386b1b3b6a60,20,Male,5.94,55.66,No,Medium,Higher,4.73,Good,82,99,No
0a831ec2-e422-4140-bc60-c836567348b2,15,Male,0.93,50.86,No,Medium,Secondary,6.07,Average,68,47,Yes
b53996e8-63fc-428d-b4c2-af67794ed106,18,Male,5.93,65.04,Yes,Medium,Secondary,6.55,Poor,79,91,Yes
806dac08-6340-4e8e-82c3-71107ca535cd,19,Male,2.65,51.98,No,Low,Higher,7.73,Good,99,47,No
795f90e2-d810-4fe5-bc98-15ca085e32b4,22,Female,6.3,50.45,No,Low,Primary,8.88,Good,63,44,Yes
fc648260-2a27-45a7-8097-db7beca33fd5,15,Female,6.64,52.76,No,Low,Secondary,9.72,Good,61,40,Yes
a90bf6c2-3a1c-4f12-a21b-916aebd6ec4c,18,Female,9.28,75.64,No,Low,Primary,7.92,Good,84,46,No
224b9a2f-909e-477d-ba3e-69418672df97,18,Female,9.32,99.05,No,Low,Primary,8.51,Poor,44,68,Yes
820b8c79-a12e-49f8-a444-f7e441165d38,17,Female,0.62,99.28,Yes,Low,Higher,8.47,Average,94,89,No
9f9b0239-c8ee-48ff-a17a-9d5f49b41edf,19,Female,1.2,76.83,Yes,Medium,Primary,6.95,Poor,55,86,No
55db01c2-44e2-4d5c-89c6-61a2ae9be8ae,21,Male,8.34,67.14,No,High,Higher,6.95,Good,80,66,No
21d57f54-d1ec-41b1-9df9-9fdd25bd0aa8,18,Male,3.1,52.5,Yes,High,Higher,7.05,Good,92,43,Yes
21a876de-759d-4e69-becf-f137e869419b,22,Female,8.51,81.07,No,Medium,Higher,7.65,Poor,93,41,No
8946835b-6444-435d-bd43-31a33b61f376,20,Male,1.75,93.87,No,Medium,Secondary,8.09,Poor,84,97,No
7899377d-5a05-4e50-82f9-fee805983957,16,Male,5.57,52.21,No,Low,Primary,4.93,Average,40,75,No
aa4bf08e-258d-4fc4-b399-769a5e984baf,22,Male,7.83,93.61,Yes,High,Secondary,8.83,Poor,70,58,Yes
8c2bea4f-69b8-4d19-885d-7e5cf5ac44b2,19,Male,2.61,91.4,No,Low,Higher,7.32,Poor,95,79,Yes
809d82b3-0880-4860-a50c-4e0bf4c29c28,16,Female,4.94,50.73,Yes,Low,Higher,7.44,Good,85,51,Yes
22025c32-c88f-43c0-8b71-2d4eae8d152c,15,Male,3.83,71.14,No,High,Primary,7.08,Poor,61,78,Yes
8f8053de-8e09-4ebc-a384-4b7e4680c70c,16,Female,8.49,85.18,Yes,Medium,Secondary,7.3,Average,98,79,No
2612172d-7f1c-4d50-9d30-6ab709215b59,18,Female,4.87,70.75,No,Medium,Primary,4.01,Poor,66,89,Yes
f0086c25-6463-4987-a57a-3190281875f8,20,Female,9.39,95.76,No,Low,Primary,7.4,Average,98,46,No
b41130f6-f733-4f53-9a38-ca883180a965,22,Male,3.08,71.2,Yes,Low,Primary,7.42,Good,45,48,Yes
19e166a1-22c7-46cd-b943-fb2b09f71b6b,20,Female,6.27,99.87,Yes,Low,Primary,4.76,Average,50,63,No
e3a1f284-794e-4e3f-a93c-038cd7a65744,21,Female,5.9,56.26,No,Medium,Higher,7.19,Poor,61,95,No
86235888-4097-4ad0-87f9-06dac9b6c463,17,Female,9.14,93.7,No,High,Higher,9.77,Good,74,42,Yes
6c7c6b11-9189-45da-ac32-307e49a5d64c,15,Female,1.25,75.97,No,High,Secondary,7.89,Poor,86,50,Yes
e515ff2a-551f-446d-9c3c-63a7360b7f38,18,Female,9.61,74.12,No,Low,Secondary,9.39,Poor,86,64,No
9a7d1c87-3a9e-4778-818b-e54665ba63b2,16,Female,5.2,97.64,Yes,Low,Secondary,6.76,Good,100,92,No
76d14cec-daaf-493d-8a2a-e8bb71087fe0,21,Male,1.68,95.58,No,Medium,Secondary,8.62,Poor,66,58,No
00dd8694-01a1-402e-829d-2f15b0c3fcde,15,Male,1.49,87.95,Yes,Medium,Secondary,6.03,Average,95,48,No
50a55420-1839-4d0b-bf52-2605f1862ff1,18,Female,9.91,76.65,No,Medium,Higher,8.09,Poor,61,75,No
ca01016c-b88f-409d-85dc-cbe99d95a06c,18,Male,9.73,76.03,Yes,Low,Primary,4.54,Good,61,75,No
87834d59-634c-496a-9048-6615eb995035,16,Male,9.27,68.03,No,Medium,Secondary,7.03,Poor,82,57,Yes
76dc8dac-9b4e-4ab3-9ee4-2ee4de3d433d,19,Female,7.15,97.05,No,High,Higher,6.8,Poor,65,50,Yes
a21ddc51-064a-4fa0-a9d6-cf22c714245f,22,Male,7.38,66.29,No,High,Higher,8.79,Poor,46,87,No
6d468498-e4d8-44e6-b66c-cfab212f5136,19,Female,6.56,67.57,No,Medium,Secondary,4.69,Poor,53,80,No
cdb4eda6-d135-4793-a0ab-cf1a9e1282ca,16,Female,5.26,75.31,No,Low,Higher,6.41,Poor,69,89,Yes
2b736c11-2c48-42c0-9d89-0644a52576f4,22,Female,4.02,57.77,Yes,High,Primary,5.48,Poor,85,76,Yes
2d7bc97a-2a58-4629-add5-8015de05ab25,21,Male,9.66,98.63,Yes,High,Higher,5.4,Average,89,71,Yes
2283d72e-f1da-4bcc-8945-804f226f3c6f,20,Female,7.89,77.77,No,Medium,Secondary,6.14,Average,97,77,Yes
b507bb69-7714-4688-8e3a-ea2c28c9aa92,18,Male,2.99,59.27,Yes,Low,Higher,4.01,Average,54,74,No
3a7f0ab6-89fb-457f-91ba-f775e2e6fee2,17,Male,8.02,97.48,No,Low,Secondary,9.27,Poor,59,76,Yes
80a1ff78-3f17-4a4e-9007-634f64d68d79,18,Female,7.58,92.4,Yes,Medium,Primary,5.57,Poor,82,48,No
619e10cf-d9e0-4e0b-b070-b1ba71fd1823,22,Male,1.63,99.01,No,Medium,Higher,9.99,Average,95,65,No
c6305ab2-d5a5-416d-a16c-a89ea301549f,16,Female,2.49,82.05,Yes,Medium,Secondary,6.9,Average,47,75,No
dba2b2d6-d536-4c30-bf65-89d0010870a4,15,Male,0.45,95.0,No,Medium,Higher,8.98,Good,59,79,No
43af917d-a787-4442-a335-1c3c2a61b9a4,20,Female,0.85,96.55,Yes,Low,Primary,8.33,Poor,71,61,No
8f276960-5270-46e8-ad5f-bfbcadcba740,17,Male,3.44,58.41,Yes,Low,Primary,4.85,Poor,83,50,Yes
603608e5-b563-4ae4-9ccd-8c8d317e717a,19,Male,2.5,86.0,Yes,Low,Primary,7.95,Poor,60,82,Yes
b7cc094e-84fb-42b9-8b47-d7311b0e86a7,19,Male,4.79,99.0,Yes,Low,Primary,7.13,Good,50,63,Yes
0a722cfa-8df5-4f52-950f-6fec1ab23065,15,Female,2.43,81.58,No,Medium,Secondary,7.95,Average,100,84,No
b8e7cc42-5a62-429d-acf8-9ab45a65f9ec,16,Male,5.17,84.51,Yes,High,Higher,7.4,Good,87,47,Yes
71387245-6576-47ac-a85d-8d98c3c4aaa6,22,Male,9.92,67.92,Yes,Low,Primary,6.14,Poor,50,54,Yes
f7a41b12-bf74-4c6d-95f2-6e85bd19499f,20,Male,3.54,57.86,No,Medium,Primary,9.19,Good,75,100,Yes
ab26cfb3-1e3b-42f7-921d-2c163badfe47,18,Female,0.14,55.19,Yes,Medium,Secondary,6.31,Poor,91,55,No
7e6c4df9-0772-4919-8792-cd38285bad69,20,Female,0.77,59.46,No,Low,Secondary,9.61,Average,86,51,No
764f7acd-16ae-46a9-a9e5-3cfadd092fd1,22,Female,0.86,96.72,No,Low,Primary,9.96,Good,54,80,Yes
72dbfbe7-6c27-4b35-84c4-4372314d218e,18,Female,0.85,53.41,Yes,Medium,Higher,6.82,Poor,77,72,Yes
d310b19f-d1e1-40b9-860d-8ee7df596d5e,18,Male,3.65,57.57,No,Low,Secondary,8.18,Average,52,66,No
a36af7d8-1501-467d-bc14-d60fb0f146d3,20,Male,3.47,73.69,No,Medium,Secondary,8.13,Poor,54,57,No
25b7cf39-fb4a-4a8f-ba20-cd8e0f0e3077,16,Male,9.69,90.0,No,Medium,Primary,8.18,Poor,94,84,Yes
da20c724-a874-432d-b7cb-cfb9d8e47aef,22,Male,8.8,65.51,No,High,Primary,9.06,Average,46,78,Yes
cdae4a11-fe1b-461f-91b8-7190b48f1b92,17,Female,5.89,83.45,Yes,Medium,Primary,5.92,Poor,57,79,No
cd5052fd-38d0-4e20-9bc3-0fee775f3626,19,Male,6.02,80.38,No,Low,Secondary,6.63,Poor,48,72,No
01daf5c2-f2e4-4bb4-a3b2-8f62c4625ea5,20,Female,5.24,85.34,Yes,High,Secondary,9.89,Good,41,88,Yes
6558aa63-d283-409d-a871-7a802ab9a716,15,Male,6.04,51.99,Yes,Medium,Secondary,8.36,Average,79,49,No
122bb1ad-0ba7-4412-8f3e-7a8c1fe10d14,15,Male,2.2,77.71,Yes,Low,Secondary,8.91,Poor,50,62,No
02364003-16f9-4ac6-96cc-ebe25ade8c48,15,Female,7.18,80.89,Yes,Medium,Higher,8.39,Poor,43,44,Yes
71e19f7d-b75d-45b3-8949-cbcff621142f,22,Female,9.87,72.27,Yes,Low,Primary,8.8,Average,44,43,Yes
06cb7ed9-1315-4263-aaf5-09160b0ed922,17,Female,5.93,77.95,No,Low,Primary,6.03,Poor,95,74,Yes
90b77f19-2abf-427a-a75e-a7ed91ff7b96,21,Female,4.29,56.57,No,High,Secondary,5.53,Poor,87,72,No
91af691c-310b-42fc-a630-8176c1372eb0,22,Female,0.28,72.5,Yes,Medium,Primary,4.32,Poor,65,58,Yes
b1a1bdeb-bece-423c-8adb-a08749505564,21,Male,3.67,50.4,Yes,Medium,Higher,9.39,Poor,71,99,Yes
1cb7c959-5a89-480f-858a-ac9eeed3f332,18,Male,1.14,84.02,No,High,Primary,9.24,Good,94,64,Yes
245d0af9-7771-479f-8203-6b8a9ecb49af,19,Female,8.04,90.92,No,Medium,Higher,9.76,Poor,69,97,No
0509ac70-87ff-446b-8079-c9ca04cdc0aa,19,Male,0.37,95.99,Yes,Low,Secondary,7.23,Average,62,66,Yes
95acc017-be01-4cdd-b074-9b3b8cdba92d,16,Female,5.16,84.01,No,Medium,Primary,4.63,Poor,98,56,No
c04078b3-c5fe-405e-bd97-5ebbe66c372f,16,Female,0.81,79.84,Yes,Low,Secondary,6.16,Good,89,41,No
d3fe5c61-8cf8-4979-940c-232cd593405d,15,Female,7.84,80.37,Yes,Low,Primary,5.83,Good,76,94,No
b5cbe9c0-9e77-43a8-a859-194d3da501b3,22,Male,4.57,68.98,No,Medium,Higher,5.29,Good,50,43,No
f45269ab-dbed-43a8-9f38-5b98ce9e156b,15,Female,0.52,52.72,No,Low,Higher,6.13,Good,91,79,Yes
7fbed81f-14f4-49dd-bfbd-7a5d26296ffc,19,Female,1.24,75.37,No,Medium,Secondary,7.79,Average,97,71,Yes
93fbe28c-c866-4a37-82b1-8e36faa943ed,19,Male,6.61,83.33,Yes,Low,Primary,4.55,Good,73,75,No
ee14d510-5df3-4751-94a5-241e2ca4f37f,16,Male,9.36,95.3,Yes,Low,Higher,4.57,Average,64,42,Yes
bd44652b-4921-4a3f-bae3-788742cfee6a,15,Male,1.32,60.28,No,Medium,Primary,4.86,Poor,52,90,Yes
980512d8-04d7-4d17-9f04-b067253aaf99,22,Male,7.41,80.45,No,Low,Higher,6.75,Poor,74,95,No
144125c9-52f3-4dc8-a741-85af0336994e,16,Male,1.37,57.14,No,Medium,Secondary,7.08,Poor,69,82,Yes
cae4b42f-eef1-4eab-b9a9-f4f7a5e612e9,19,Female,6.86,60.12,No,Low,Higher,4.21,Good,82,63,Yes
7f249bb4-3b38-4aff-8c7f-d7939119a07b,20,Female,6.75,57.69,No,High,Primary,7.7,Good,58,67,No
da6ba924-1aa3-48d4-bd80-fd483eb726db,20,Female,3.47,54.14,Yes,High,Primary,4.04,Poor,82,58,Yes
fb3b3de4-a342-47cd-aa4e-ad1deb416533,17,Female,1.85,81.37,No,Low,Primary,6.55,Average,100,55,Yes
c64747ca-befb-4f66-bb38-3ec34e2f0d74,19,Male,1.09,96.6,Yes,High,Secondary,8.39,Poor,81,93,No
9eaed964-f879-407a-94bb-163e9dbaf482,15,Male,0.55,66.45,Yes,Medium,Higher,9.75,Poor,53,42,Yes
57099d62-ad19-4e60-b946-2b03da83604a,15,Female,7.65,97.42,No,Medium,Primary,8.3,Poor,50,95,No
ee97dfca-e2e3-4a15-8be6-c82805d5e2e2,22,Female,2.99,57.16,Yes,Medium,Higher,6.84,Poor,71,49,No
af8d3a07-746e-45ea-8311-dc061e8a9b6c,17,Male,6.73,97.34,Yes,High,Primary,7.45,Poor,97,73,Yes
33a54633-a2d1-499c-b5e2-bbae53df2ba4,19,Male,2.06,67.99,No,Low,Primary,5.34,Average,52,56,No
e7c4b5c4-6311-4932-a2ea-039532e55856,16,Male,9.95,77.65,No,High,Primary,4.18,Good,42,45,No
ee82f118-1b80-46b0-bdd0-7e75effc5979,20,Female,0.39,67.69,No,Low,Higher,6.89,Poor,62,59,No
4c16c095-2854-4ea5-bc69-5b0774dadb35,22,Female,8.82,71.92,Yes,High,Higher,7.87,Good,80,64,Yes
ccfae2ee-c467-43bd-9a23-593033f64f41,22,Male,8.18,67.96,Yes,High,Secondary,9.92,Poor,44,69,No
83d0aae2-a3c2-459b-989e-1c3396cf53ac,18,Male,7.55,69.66,Yes,Low,Higher,7.61,Average,68,49,No
23030efe-6521-4064-a5f6-1dcbe7bb457f,22,Male,2.06,83.68,Yes,Low,Higher,8.33,Good,58,73,Yes
8142ad62-9169-45c9-90eb-ec5f7bfecbfb,21,Male,8.32,81.77,Yes,Medium,Higher,8.21,Average,88,52,Yes
efc3f3a0-a9f7-4386-abe8-05c1f3feff91,16,Male,7.17,78.74,No,Medium,Primary,4.52,Average,55,58,No
141abeca-d457-4617-a5f9-a35b43247922,15,Male,8.48,50.58,No,Low,Secondary,6.02,Good,43,43,No
a92f3e07-66dd-4b01-a8c9-112ff234cba1,21,Female,3.2,53.59,No,Low,Secondary,6.23,Good,50,55,No
817db263-328d-41a0-8e91-ed484bf95c72,16,Female,5.87,99.14,Yes,Medium,Higher,9.41,Average,62,71,Yes
75719cea-94c0-4763-9565-bae9799e3131,16,Male,8.18,69.92,Yes,High,Primary,5.83,Good,90,87,No
5fd0a8c6-73c7-4241-b6a7-e8f5f7333790,20,Female,7.8,59.46,Yes,Medium,Primary,4.07,Good,100,47,Yes
a17b2a74-008c-4e8a-bae5-fa81c8f55322,19,Male,4.77,94.26,No,Medium,Secondary,8.8,Poor,97,75,Yes
d5cf7f46-b936-4ccc-a6a6-d9ba54183a71,21,Female,0.94,67.67,Yes,High,Secondary,9.53,Average,86,75,Yes
816a0d6e-2dea-4269-aed2-556e05aa2bfd,18,Female,0.9,53.36,Yes,Low,Secondary,7.12,Poor,84,66,No
5ec84f59-6a8c-458a-bee7-156c2dcb7c9e,18,Male,6.79,73.75,Yes,Medium,Primary,8.92,Poor,62,63,Yes
8aade1d0-fb16-4c31-b2a3-9b765f18b27c,19,Male,1.65,65.96,No,Medium,Higher,7.47,Average,56,46,No
f6300c45-a88a-4406-9388-d41acb602014,15,Male,7.33,80.08,No,Medium,Higher,9.38,Poor,65,70,Yes
94c219fb-6b78-488a-aebf-e448f0048837,15,Female,7.79,55.71,Yes,Low,Higher,9.81,Average,75,47,No
b0039ca9-23ab-43d5-a82f-a765dde4dc12,22,Male,5.55,51.54,No,Low,Secondary,9.85,Average,69,91,Yes
ebfc45f9-8a07-4f37-aa93-5dd0572cd229,17,Female,6.49,96.18,Yes,Low,Primary,7.69,Good,45,65,No
dc36a10a-c9b7-4d02-a153-265fa0dcf068,18,Male,1.65,61.59,Yes,Low,Primary,5.73,Good,69,95,Yes
924a3587-724d-4983-b8a8-c56979e3b9e2,15,Male,6.71,62.77,No,Low,Higher,5.75,Average,92,98,Yes
29932fb4-5f66-474d-974c-1f4e4bb4d61e,19,Male,1.39,92.75,No,Medium,Secondary,7.42,Average,44,74,Yes
ab249fa5-8fce-413f-8f75-bd3be4b6c601,17,Male,1.56,93.27,No,High,Higher,8.67,Good,99,59,No
f8e14bae-33cd-4a44-84eb-2a41fc97fd34,21,Male,4.94,95.25,No,High,Primary,9.51,Poor,52,92,Yes
6768b350-0752-415c-8ce7-a835c79fad7d,20,Male,6.98,52.45,No,Medium,Secondary,5.31,Poor,69,42,Yes
1fe229ac-f103-4120-9789-406b89df7057,22,Female,2.78,59.71,No,Low,Secondary,9.37,Good,78,75,Yes
8600ae1c-8814-4ab2-bdbc-d35c11e4f72e,15,Female,2.6,73.34,No,Medium,Secondary,6.86,Good,93,70,No
9ee53ada-51b2-444b-bb1c-3101c533cf85,20,Female,0.84,57.72,Yes,Low,Secondary,8.08,Good,80,41,Yes
294e1e3b-8db6-479c-aa1d-9174a6c67c72,19,Male,0.41,89.79,No,Medium,Higher,7.77,Poor,92,57,No
5e9f95a6-9645-46c6-bcca-b9ea08442fe8,17,Female,4.81,65.01,No,Low,Secondary,6.83,Good,91,68,Yes
ff4b00e8-363e-41e3-80d0-aa18ed325154,15,Female,7.14,79.56,No,Low,Higher,9.92,Good,53,85,Yes
09f94521-dc79-44e2-a917-68a656c66ecf,15,Male,8.49,84.73,Yes,Medium,Higher,8.29,Average,46,76,No
416313e7-36e5-4166-9ca4-ea6e27d41be7,20,Female,9.92,66.2,Yes,Medium,Higher,5.2,Poor,42,42,No
fa3ec2d8-a8b5-4ebd-9946-644f309105a0,18,Female,8.58,61.35,Yes,Medium,Primary,9.89,Average,45,79,No
9bd0ca16-004e-4d9a-8575-939b318706d3,19,Male,7.96,88.09,Yes,Medium,Higher,5.14,Average,51,48,No
a1594e24-6384-4fbf-8700-4435e1153996,18,Male,9.68,86.92,No,High,Secondary,8.05,Good,99,92,No
13ae8d43-8b3e-4430-959b-3750ba73d183,17,Female,8.64,50.38,Yes,Low,Primary,7.45,Poor,99,80,No
96e5c789-6c64-4928-9dce-874a2681aee7,17,Male,4.11,67.1,Yes,Medium,Primary,6.04,Average,69,97,No
10c9c105-3bbb-4e15-be9a-cb19583979de,19,Female,9.57,89.28,No,Medium,Higher,9.73,Good,43,68,Yes
5032b56d-9ada-43b1-a10f-18c3cee9a724,22,Female,5.58,52.35,No,Low,Higher,4.72,Good,60,86,No
730b2b68-8f78-4021-b300-f2dd64dd1458,16,Male,5.83,62.79,Yes,High,Higher,5.52,Good,84,100,No
ee0ea883-5c6c-4dad-a000-729acc0c173a,20,Female,1.42,85.12,Yes,High,Primary,4.9,Good,96,82,Yes
3da8545b-ce91-4369-89d4-bc0c439934e1,18,Female,1.45,78.1,No,Medium,Higher,8.96,Poor,93,92,No
399c0648-8cb9-44e8-98cf-d5361983d1c6,18,Male,5.77,61.7,Yes,Medium,Secondary,9.54,Good,57,96,Yes
3ff96d1c-3d11-4e77-b828-b1dd7f896436,15,Female,2.02,78.36,Yes,Low,Secondary,7.89,Average,72,49,No
f0d95c80-5eb6-4684-bad0-3d7f8a217041,19,Male,3.32,58.69,Yes,Medium,Secondary,9.65,Average,49,59,Yes
2517979e-6f44-4303-bf1c-956258028d06,18,Female,2.95,94.96,No,Low,Primary,6.59,Good,40,61,Yes
2c602ed3-40bd-4723-9e50-9d40e4a7ed17,17,Male,4.05,99.94,No,High,Primary,9.55,Poor,95,40,No
1f08f209-1a50-4e05-b076-e04ad9f4e680,17,Female,1.58,52.87,No,Low,Higher,7.09,Good,77,96,Yes
14394430-61f4-4511-bc86-298b5fb7bd12,21,Female,7.27,97.43,Yes,Low,Primary,4.05,Poor,82,58,Yes
6536084a-78e3-4f18-86c3-a4565a48baf6,15,Male,4.44,51.09,No,Low,Secondary,6.68,Good,66,63,No
0880e911-ca2f-4e4d-a580-64ebac8c21ed,17,Female,1.17,61.99,Yes,High,Secondary,7.67,Good,99,51,No
af27c801-45a0-429a-b776-062dd16d5e04,17,Female,0.87,63.72,Yes,High,Secondary,9.42,Average,85,89,No
c4e37674-d11b-4ec1-88ee-5439e831316d,20,Female,7.15,83.34,No,High,Higher,4.65,Poor,75,80,Yes
ae8ad6f3-1afd-47da-a88b-2e0366028e6b,15,Male,3.95,69.76,Yes,Medium,Higher,4.96,Poor,94,47,No
7b303fd8-114c-4437-b359-29ea020ef9fc,16,Female,7.09,53.21,Yes,Low,Higher,6.8,Poor,77,89,No
59619247-7a02-4ee8-a270-e54151b7972e,21,Male,4.57,84.49,Yes,Medium,Primary,4.55,Poor,67,49,Yes
3ea6d5c4-2d35-4ece-a1f7-1b605ab72dfe,19,Female,1.71,85.48,No,High,Primary,8.96,Average,50,54,Yes
96e39cf1-e90f-47d5-b198-4aeb615fc293,16,Female,4.73,90.17,No,High,Primary,4.78,Average,57,97,Yes
d4027f3a-992b-4a6e-968c-4d7643811820,17,Female,8.69,97.24,Yes,Low,Primary,6.06,Good,93,92,No
ea1e4bbc-f2d1-4633-9f2e-150675c0a073,21,Female,3.96,93.72,No,Low,Secondary,4.41,Average,86,90,Yes
3068ef7d-fecc-49a3-8df4-df0c407e8ad2,21,Male,0.21,64.95,No,Low,Primary,4.42,Poor,99,46,No
6b30b61e-7a25-4412-b0f4-5a120a9807ad,19,Male,0.29,85.39,Yes,Low,Secondary,6.97,Poor,83,59,No
bb554a80-c073-4ba4-8986-dcce06fc7098,16,Male,0.65,69.26,No,Medium,Secondary,5.38,Good,41,90,No
596b9888-fb55-4bc6-b8e6-da116a94de89,18,Female,1.7,50.78,Yes,Medium,Primary,9.5,Average,92,64,Yes
1e8cdddc-9b29-4026-a532-342dbae51969,22,Male,3.32,50.37,No,High,Primary,7.75,Poor,44,97,No
c5fbade1-a63a-456c-b969-c28fbf193e0b,17,Male,9.85,59.19,Yes,Medium,Secondary,5.5,Poor,69,91,Yes
0b746fb4-b888-4e52-9c0b-a9ac8b96ddd6,15,Female,6.61,79.27,No,Low,Primary,4.63,Poor,57,86,Yes
4a780851-931b-4bbf-963f-e32837e14e52,17,Female,0.5,71.15,No,High,Secondary,6.67,Good,82,79,Yes
568d6c0b-9d78-4a07-a659-cde44ed19fc5,16,Female,8.49,85.2,No,Low,Higher,4.78,Poor,64,58,No
fc6f2744-8d52-43b1-bb13-137e01a35fca,21,Female,1.07,63.06,No,Low,Secondary,6.24,Average,62,66,Yes
b43afe07-b313-4a5d-8138-81888158dc24,15,Male,6.11,68.02,No,High,Primary,6.12,Good,78,46,Yes
c0becfd7-95fc-45b5-8367-ee94b71e9e9b,17,Male,7.44,94.09,No,High,Primary,5.78,Average,71,75,No
c13a4c3a-bdb0-4037-aeef-b1de36e6f45e,16,Female,3.1,58.69,No,Low,Higher,8.1,Poor,49,92,Yes
66b21686-e89e-4f11-b477-a8747d90ce05,15,Female,6.73,58.2,Yes,Low,Secondary,6.23,Good,74,55,No
90bfbe0f-d6c8-48e9-b8fc-170276eae5ba,21,Female,7.49,75.19,Yes,Low,Secondary,7.08,Poor,75,84,No
b78d6cf2-c8ec-40a6-8cdc-d49e098ae4c7,16,Female,3.08,52.81,No,Medium,Primary,9.57,Poor,66,73,Yes
3f88021a-7734-4ea1-8e29-f215dc586e9f,17,Female,7.27,63.71,Yes,Medium,Primary,5.38,Poor,85,95,Yes
45d4d64f-88c8-4687-87ba-ab444a098662,15,Female,0.76,78.49,Yes,Low,Higher,4.32,Poor,47,90,Yes
02b5b83b-7a50-4287-9777-b36eb11e0bc9,17,Female,2.28,87.62,Yes,Medium,Primary,4.94,Average,74,86,No
0afb803f-7af5-42e2-a3a6-eb2dab892642,15,Female,9.34,92.48,Yes,Low,Higher,7.21,Good,58,72,Yes
61a10adc-6798-4fa2-9a05-ff9c47af3e97,18,Male,1.23,59.67,No,High,Primary,7.77,Average,58,52,Yes
659ee25e-cd9e-428d-af5c-fea2a320925c,21,Female,7.13,96.8,No,Medium,Secondary,5.84,Average,63,50,No
6b406801-5438-439e-8833-f6dda3c05751,21,Male,0.48,80.12,No,Low,Primary,5.88,Average,52,48,Yes
a76eadef-f20e-4805-9e02-fdec8fa77d77,18,Male,6.26,88.85,No,Low,Secondary,4.44,Good,55,85,Yes
7fa48a91-56ff-4f0f-9537-f01f3b2d6661,19,Male,2.68,71.41,Yes,Low,Higher,6.92,Poor,54,97,Yes
b95732c0-985a-411a-a352-d7418ccde543,20,Male,9.88,88.48,Yes,Low,Secondary,8.73,Average,91,43,Yes
5ce318a6-15ed-4ffe-bf8e-315029e625d3,18,Female,2.61,78.61,Yes,Medium,Secondary,7.62,Average,74,100,Yes
bb317f4e-7c19-470c-bb4c-ccfa897a587e,19,Male,8.17,82.18,No,High,Higher,4.02,Average,85,63,No
ddf885fe-ac71-446e-afc8-791d9a566f75,15,Female,2.05,62.24,No,Low,Higher,5.27,Average,46,46,No
189fdd6b-d2e2-424d-a246-ff98e2405de5,20,Female,3.65,57.78,Yes,Medium,Secondary,9.01,Good,46,71,Yes
8ff52109-c6f1-42fa-b19b-864ecde821ed,15,Female,3.64,57.69,No,High,Higher,7.76,Average,82,77,No
7141d498-b246-400f-83fc-56874fe1f195,16,Female,1.81,98.31,No,Low,Higher,7.59,Poor,42,90,No
9d906771-ad31-458b-94cb-1eed7f1ed4e2,16,Male,3.89,86.41,Yes,Low,Primary,9.67,Average,93,58,Yes
4cb3db86-7a7e-41f4-b507-4cef97061048,15,Male,0.41,81.9,Yes,High,Secondary,5.9,Average,73,71,Yes
929d4869-634b-43a2-bcba-1088f0c2c149,22,Male,6.02,70.03,Yes,Low,Secondary,4.67,Poor,67,96,Yes
9f4a7d50-4e11-41f1-8e6b-9a7be5d80da7,17,Male,6.13,94.47,No,High,Primary,5.02,Poor,53,94,No
9a518cc2-feac-4255-b33d-e4f09ca63930,18,Female,2.13,67.01,Yes,Medium,Primary,8.05,Good,54,52,Yes
9df5411d-a9ff-479e-bd27-0ffa18daae8b,22,Male,1.2,91.69,Yes,Low,Primary,6.55,Good,76,58,No
d84c6a5a-98d5-4150-9598-a81b42207ceb,21,Male,7.45,64.88,No,High,Primary,8.04,Good,59,99,Yes
43fbbf90-dc44-4268-a74a-7d1635e75a17,17,Female,4.8,67.42,No,High,Higher,4.63,Average,80,100,Yes
1aa315b6-17cd-488e-b215-2448ffa2537b,17,Female,2.36,78.49,Yes,Low,Secondary,4.13,Average,77,88,No
190157df-de4c-4727-9318-d6b7fc66baea,21,Female,9.27,61.99,Yes,High,Higher,8.65,Poor,87,65,No
ec046da4-9fa9-416c-b0f6-3d9c15e4a820,15,Male,8.5,96.8,No,High,Secondary,5.41,Poor,61,43,Yes
19d28fbb-7a54-4e63-a3a9-413889f6f5bf,20,Female,6.09,96.61,Yes,Low,Higher,9.41,Good,54,76,Yes
854e8088-3454-4289-8c53-1ecf08555cb2,18,Female,5.1,65.25,No,Low,Secondary,5.51,Poor,60,51,No
2dc2f8a7-02c3-4f3d-82ca-974041656f2d,20,Female,5.44,76.63,No,High,Secondary,5.42,Poor,73,87,Yes
6b8ebd8f-bda9-4390-9753-ffb6d7e7905a,21,Female,7.0,83.03,Yes,High,Higher,9.61,Poor,73,89,Yes
0eddcec4-ee5e-4763-b23a-7370e5700399,22,Female,9.82,60.74,No,Medium,Primary,9.82,Good,44,54,No
05790e20-c099-4c53-ad1e-4d6d2f394182,15,Female,9.37,78.56,No,Medium,Primary,7.26,Good,43,50,Yes
c1da09e2-6184-4110-8d05-fa7389591915,22,Male,5.69,58.05,Yes,Medium,Secondary,8.4,Average,88,100,No
c17b94e1-a07b-41b7-84df-e57069cd6d3c,20,Male,2.64,56.93,No,Medium,Primary,8.6,Good,78,43,No
2c364be0-de5d-45e5-bdd3-5e1112547f61,20,Male,5.49,53.56,Yes,Medium,Secondary,5.77,Average,87,99,Yes
1fa664b7-c0a0-43df-92ac-71dd4b52e6e8,17,Male,1.96,99.44,Yes,High,Primary,7.28,Average,97,68,Yes
af5c5da4-86c5-48f8-b97a-24b4744d55f5,18,Female,3.73,72.02,No,Low,Primary,9.34,Average,81,52,No
072ca898-26a4-4fe1-b62d-f18a0c7794dc,15,Female,9.26,88.99,Yes,Medium,Secondary,5.98,Average,73,50,No
f94a45f3-1964-4a49-bf1b-dc8c99ed66ad,17,Male,8.8,57.48,No,Low,Higher,9.89,Poor,78,93,No
07950c30-5098-4182-96c5-47ae4f2bd0e2,17,Male,4.45,73.18,No,Medium,Primary,7.45,Poor,52,54,No
1391c857-1df6-416e-95e8-2eaf12d26af3,16,Male,7.49,63.06,No,Medium,Primary,7.68,Poor,80,88,No
98722da5-c83f-4300-98ef-04e383d2b7d4,15,Male,0.69,78.79,No,Low,Higher,9.24,Good,54,93,Yes
41d66e85-4735-4242-8530-283275191ce7,21,Female,4.14,93.81,Yes,Low,Secondary,5.09,Poor,89,91,No
41b94e81-d3f2-4ef4-bf2e-48cf7dfb7618,17,Male,4.11,68.08,Yes,Medium,Higher,5.36,Good,58,100,No
5fb1569e-83ff-4c9a-8636-f8dc7c676619,15,Female,7.55,94.35,Yes,Low,Secondary,6.57,Poor,83,74,No
3572fa35-ba96-46b4-9d40-880e4cb679d9,21,Male,2.59,72.11,Yes,Low,Higher,5.18,Good,94,94,No
e66b9ac9-c3b5-4d46-bf05-f28306b8368e,18,Male,4.07,62.1,No,Medium,Higher,5.18,Poor,50,61,No
799c65a2-5548-4da1-a367-f83a3dbaed95,16,Female,0.12,74.39,Yes,Medium,Secondary,9.66,Average,74,72,Yes
440009d5-96d6-49ce-ac37-fa378818a5e9,15,Female,6.16,84.95,No,High,Higher,8.35,Good,93,70,Yes
bb7b687d-4a7f-41bb-9f10-7dfef45d4850,20,Female,6.55,99.35,No,Low,Secondary,9.68,Average,53,80,Yes
eb2b991c-9eaa-4ca2-879f-30795ee16b26,22,Female,6.93,89.87,Yes,High,Primary,5.87,Good,56,58,Yes
8b939c04-a8cd-4ab8-8414-42909d35fafe,16,Male,6.44,65.52,No,Low,Higher,9.24,Poor,92,82,No
b1758cf9-7f65-4bda-a5c5-a68247a3b3c1,16,Male,1.35,60.79,Yes,High,Higher,7.92,Average,62,89,Yes
5ee6db3d-31c7-4c0b-90ec-2ec719d3efbe,21,Female,0.4,52.22,No,High,Primary,6.47,Average,44,72,No
021c1931-a85c-4f89-9662-c1644930f42b,19,Female,5.66,73.19,Yes,Medium,Secondary,4.58,Average,83,60,Yes
338256fc-c0df-4db7-89bb-5023c06def94,15,Male,7.84,57.33,No,Medium,Higher,5.84,Good,73,45,No
8ba505e4-3507-443f-8cb4-61eb18e13039,17,Female,8.85,87.72,Yes,Medium,Primary,8.09,Good,54,78,Yes
7a7fce3e-09f5-4b9e-9046-87fe6cca5cf5,18,Male,4.07,97.91,No,Medium,Primary,5.86,Good,45,68,No
2ec0a9ab-11fe-4e3f-a4da-2b4c312b541b,17,Female,5.22,84.23,Yes,Medium,Higher,7.28,Poor,41,90,No
cbb0d2f3-603f-403f-9e3a-98e8458bc9b6,22,Female,1.01,74.83,No,Medium,Higher,9.01,Poor,62,89,No
9b9a2090-183f-4e4b-8478-6acda3030a10,16,Female,6.59,62.17,Yes,High,Primary,8.8,Good,86,57,Yes
113990c3-2214-44ff-b2de-fc0b1cccd254,20,Male,7.69,53.57,Yes,High,Secondary,7.85,Average,43,94,No
49ff0a4a-38b4-4541-b9d7-c11efc87652f,22,Female,0.78,62.03,No,Low,Primary,4.51,Good,45,78,No
f6e38c5a-7b40-44c8-a28f-c2b4164608e7,16,Female,8.87,56.25,Yes,High,Primary,7.74,Average,50,54,No
8c1f49f6-883f-4612-9c11-cc0e2c7fc0fb,22,Female,7.36,57.35,No,High,Primary,8.33,Good,65,98,Yes
dcc0228d-5f70-4d82-8367-189e0b0ef011,15,Male,4.63,64.42,Yes,High,Higher,9.25,Average,53,71,Yes
8871444e-55db-40df-b0d2-9da06d38cebb,22,Female,6.44,73.72,No,Medium,Higher,8.63,Average,73,90,Yes
968c9b72-084c-4487-9d68-3827d2bcbf92,16,Female,3.42,85.83,Yes,Low,Secondary,6.76,Average,61,90,No
222f2a08-c5a5-4afc-a7c8-e907fa3e5627,18,Male,0.19,90.24,Yes,Low,Secondary,4.66,Average,43,83,No
162bd2a2-bf78-4b7f-882b-6093aa542993,20,Male,6.92,64.58,Yes,Medium,Primary,9.31,Good,59,70,No
51d7b0a4-7fee-46e1-b3f6-3189fb426170,15,Female,7.06,74.23,No,Medium,Secondary,4.57,Good,41,98,Yes
783eb468-8fd7-476d-9c9b-10ab9e04e299,20,Female,2.75,58.9,No,Low,Primary,9.87,Good,79,53,Yes
80906a4a-46ad-4f00-bd6e-acc32da6699e,17,Female,0.59,87.18,Yes,High,Secondary,7.31,Good,85,99,No
d564f600-9edb-4ba7-8ccf-ac60f3cd93bc,18,Female,8.97,72.84,No,High,Secondary,6.43,Good,64,87,Yes
9a4474be-4421-4c2b-a984-24cca69658e8,15,Female,0.06,74.83,No,Low,Secondary,9.53,Poor,87,65,No
f43933d4-8608-4513-a763-5b9ff352342b,21,Male,4.9,56.01,Yes,Low,Primary,9.66,Good,76,60,No
645ff26b-e996-496f-ab78-ab08a1d5b08a,16,Female,8.75,80.0,Yes,Low,Secondary,5.27,Good,87,79,No
ef7e1b62-e4ed-47da-a6f1-f205ce168478,16,Male,3.63,53.59,Yes,High,Primary,6.53,Poor,71,77,Yes
7045d5b0-00bd-408e-ad47-d466982750a8,15,Female,1.19,50.09,No,Medium,Higher,8.33,Good,48,86,No
f9563d87-157c-4aba-97d8-43b375158cc2,18,Female,6.45,94.01,Yes,Medium,Primary,5.79,Average,56,100,No
5ebf6c97-0ee7-4e38-abf1-575eaf1334d2,18,Female,1.81,64.77,Yes,Low,Secondary,6.34,Average,45,96,No
3e7d4fb8-6c46-4097-8c03-12f4ce51e1de,15,Male,5.87,70.82,Yes,Medium,Secondary,9.25,Poor,41,100,No
f58153de-9053-4299-b884-489a65cbb6c7,15,Female,8.46,94.94,Yes,High,Higher,7.33,Poor,76,52,No
cd765f6c-274c-4cfa-8930-fef29af16675,18,Female,4.1,70.81,No,Medium,Higher,7.05,Average,92,44,Yes
0c252f72-1958-4cab-9877-e55ab6b735f1,20,Male,8.94,99.99,No,Low,Primary,5.21,Poor,56,57,No
f1780e9f-47ce-4373-a3cf-993f47816864,21,Female,8.28,82.25,No,High,Higher,7.68,Poor,59,70,Yes
aef1541e-b16b-466d-a595-d07667608d2b,18,Male,3.57,60.24,No,Medium,Primary,7.73,Poor,96,82,Yes
e506a642-1e5b-49fc-bfac-d50eb1dcdc27,18,Male,9.11,85.16,No,Low,Secondary,6.2,Good,50,53,No
c0026138-7e93-4c06-bb7a-28f662c755ce,19,Male,4.32,51.09,No,Medium,Secondary,4.78,Poor,59,50,Yes
8c609195-532d-404c-a09f-1056352d5df9,18,Female,0.72,66.22,Yes,High,Secondary,5.78,Poor,95,53,No
f71084c6-7e41-40b5-bfe7-cb50dbc72412,20,Male,6.44,51.66,Yes,Medium,Primary,5.54,Poor,43,53,Yes
a11d376f-d928-4212-9631-282ae20ff1cc,15,Male,4.91,55.91,Yes,High,Primary,5.8,Average,84,66,Yes
1ec47731-5a03-4dea-8c19-f1c284b73f7d,21,Male,6.81,77.48,Yes,Medium,Higher,5.04,Good,41,91,Yes
7f10df9e-2364-460e-bf8c-e5f10725ba16,16,Male,1.79,95.81,Yes,Low,Primary,9.41,Good,49,73,Yes
6aea8250-4baf-451d-bf82-60cb373ebab4,21,Female,5.74,57.53,Yes,Medium,Primary,6.88,Good,52,81,Yes
f36231c8-7cc3-4485-a44e-255cd27095a8,19,Female,1.32,98.89,No,Low,Secondary,5.03,Good,61,89,No
774cff32-9a30-455a-a16c-56a4bd19abe3,18,Male,8.38,89.9,Yes,Low,Higher,8.37,Good,45,96,Yes
d4ff1552-40ec-4302-80c6-e0558d0c721a,15,Female,8.12,69.82,No,Medium,Primary,4.38,Average,44,66,No
1d97787d-63c2-4e83-a29a-3a6877d10a4d,16,Male,8.4,54.39,No,Low,Primary,9.07,Poor,80,77,Yes
48849898-9934-4b1c-bb23-580d0db1321c,19,Female,5.56,78.32,No,Low,Secondary,4.17,Average,57,81,No
2b1763c4-b002-4159-82b4-aac302587428,15,Male,0.38,62.92,No,Low,Primary,8.4,Good,97,57,Yes
f8a7be10-1fa4-49d0-abc3-9d472602d4e5,18,Female,2.95,68.26,Yes,Medium,Secondary,6.15,Good,73,61,Yes
3f584caf-720b-4b67-baaf-0efec09803fe,22,Male,4.57,67.9,Yes,High,Higher,7.83,Good,76,40,No
902dca9b-fa15-4ffc-ae29-cdd8dff90838,19,Female,6.7,97.75,No,Medium,Primary,8.0,Good,51,90,No
568ca821-cc83-4a2b-a5a2-f5494bdf88cd,16,Female,6.7,73.72,Yes,Low,Primary,8.95,Good,67,93,No
a259f2b9-8dbf-4882-8a49-b2730dc2bc29,17,Female,8.87,50.01,Yes,Medium,Primary,5.32,Good,66,92,Yes
ffed09d9-0bc3-432e-8518-ec5a6acf3cf9,18,Male,3.5,52.26,Yes,High,Primary,6.38,Good,76,68,No
8bad1b1d-7d4b-488d-aad5-85d6d6664b6b,20,Female,3.18,61.67,No,Low,Secondary,4.12,Good,91,66,Yes
8b1fe0d1-4cf0-4ec1-8aee-504f38573996,19,Male,9.88,51.15,No,Medium,Secondary,5.15,Average,57,65,No
65ea2870-dccc-41f8-b664-456432be2aed,16,Male,0.87,93.04,Yes,Medium,Primary,6.68,Good,64,49,Yes
e4433ab5-e12d-4d99-b5ca-dea7c8dd27a8,17,Female,0.19,52.45,No,Low,Higher,6.22,Poor,69,74,No
48506442-29e4-4824-8395-8e7a8c8b1e18,22,Male,3.74,54.36,No,High,Primary,8.94,Good,97,79,No
5707f7e9-93bf-454b-a15a-0b528c5089ba,16,Female,4.63,51.44,No,High,Secondary,9.05,Good,50,64,No
e3833021-e7ca-440f-b090-8b758509243e,18,Male,9.09,61.13,No,High,Higher,4.29,Average,59,64,Yes
388d2158-0232-4cf9-86b7-76f1f8460165,16,Male,2.21,72.55,Yes,High,Higher,5.01,Good,85,84,Yes
ccb12810-5619-4fcc-b8d0-612cb4816306,20,Female,2.31,93.17,No,High,Higher,6.63,Good,94,82,Yes
432addd5-e1b9-472a-b216-e8084aa2e251,22,Female,0.25,80.86,No,Medium,Primary,7.03,Average,97,90,No
e96ec502-abac-4124-a3ab-13ed77d81b2c,15,Male,0.38,87.43,Yes,Low,Primary,8.42,Average,83,65,No
ae029a9b-29d3-48e5-ae42-d69c7b79942c,15,Male,0.83,90.44,No,High,Higher,4.84,Good,81,51,No
43447b2d-5b50-4761-a44a-f7eccfb9dd48,20,Male,5.91,60.06,No,High,Secondary,5.49,Poor,73,97,No
3ee09346-9939-4674-8f21-90f6e5c46d53,15,Female,0.31,88.04,No,Low,Higher,4.34,Poor,89,80,No
57e52fc1-1582-4246-8aa5-a19e97df4e3f,16,Male,4.91,51.84,No,Medium,Primary,6.59,Average,96,87,No
e3185417-135c-489b-8f23-40869eabe08f,16,Male,3.71,89.08,No,Medium,Primary,4.1,Poor,68,61,No
63c94a85-2e70-4015-beb7-47999e451269,22,Female,8.68,52.03,No,Medium,Secondary,9.44,Average,100,73,No
1e988891-675e-49e2-973f-a6fb267297ba,21,Female,3.61,94.33,Yes,Medium,Secondary,6.6,Poor,91,59,Yes
e2249bf8-2fe8-4e15-8fd2-dae7b160698e,15,Male,8.79,99.4,No,Medium,Primary,9.13,Good,43,100,Yes
bfc16da6-3cff-4232-bd76-5bf4a460ed23,16,Female,5.57,82.76,No,Low,Primary,5.76,Good,56,97,Yes
220382aa-ac9e-42e9-a62f-872767d2e21c,20,Female,5.35,51.48,No,Low,Secondary,9.41,Good,51,47,Yes
e0936e34-93eb-4297-a389-61a3b523a1b6,18,Female,1.92,57.12,No,High,Primary,5.51,Poor,67,47,Yes
a4a3d3c1-bdf6-4ccb-af51-da9cdb430e04,17,Male,2.13,61.89,Yes,Low,Secondary,5.92,Good,83,61,No
bd9ca3da-58e0-41cc-a6f0-6d9d095531b7,15,Female,8.17,91.67,Yes,Medium,Higher,6.43,Good,82,75,Yes
399b15ac-ab3b-4f0e-9de8-fb93f8bce64a,15,Male,9.87,77.72,No,High,Higher,7.89,Poor,77,55,Yes
153d9ccf-50d2-4006-bc4f-7a7023291d94,18,Female,7.5,57.9,Yes,High,Secondary,5.73,Average,100,76,Yes
f1aaefbf-73ca-4204-86ae-1eda1546a650,21,Male,2.88,51.97,Yes,High,Primary,4.54,Poor,52,57,No
95a2baa0-d0bb-435c-944c-cbc6c1def860,15,Female,3.9,57.79,No,Low,Secondary,5.54,Average,51,50,Yes
a3aeb047-f6bd-4078-bb57-9c75af293033,19,Male,8.6,53.73,Yes,Medium,Primary,5.23,Good,71,45,No
13e9af8c-3e0a-45fd-9f2c-6365a22564ca,15,Female,7.31,70.7,Yes,Low,Primary,4.1,Poor,88,93,Yes
f15c0515-5eff-4053-ad5e-ac8dde1f9e46,16,Female,7.95,91.2,No,Low,Higher,6.43,Average,74,49,Yes
487fe18c-c929-4379-8e55-e4909f3d3e1d,16,Male,7.68,66.53,No,High,Higher,7.22,Good,81,63,Yes
427ae75b-49dc-44ba-80a6-64e520cfd1b9,15,Male,1.21,97.81,Yes,High,Secondary,5.17,Good,65,60,Yes
da807faf-efb8-4536-bf87-ae0c370bfbab,17,Male,8.93,61.3,No,Medium,Higher,7.59,Good,47,82,No
e0f22aae-d282-4fb1-a748-1fba2ff84b67,21,Male,3.45,53.43,No,High,Higher,4.36,Average,67,54,No
1f267cd2-2e84-4fc0-9f28-2b03ab9b1477,20,Female,5.44,50.23,No,High,Secondary,6.3,Average,54,95,No
d7711c2a-f8d8-416b-9359-51def49eaac4,19,Female,9.76,55.68,No,High,Primary,7.44,Average,64,69,No
9dea795c-0134-44c1-88ac-f2b0900725ce,18,Female,3.07,96.19,Yes,Medium,Secondary,7.45,Average,90,74,Yes
99bdbf88-5c25-4d8c-aed3-4c2e25a4f196,20,Male,1.47,83.57,Yes,Medium,Primary,5.69,Average,61,77,No
5b062b13-e537-4767-b01e-f37c8051eaf6,16,Male,1.96,90.36,Yes,High,Secondary,9.94,Average,50,84,Yes
c3343ed3-3774-400b-a244-20117e28d8d3,16,Male,9.58,70.68,No,High,Higher,8.77,Average,75,55,Yes
01657cb0-3a6a-4d14-a197-f8465b46f12a,16,Female,0.34,81.21,No,High,Higher,4.6,Poor,60,42,Yes
fe0788f0-0bee-4ef6-8636-a5eb884304fe,21,Female,8.94,53.75,No,Medium,Secondary,4.99,Good,73,41,Yes
dc9ea56f-7ec9-4c14-a5e2-1f4a4103c97d,15,Female,4.54,50.91,No,Medium,Secondary,9.78,Good,44,45,Yes
2a076e0c-6577-47c4-a719-8d5d8cd94d26,20,Female,5.83,63.21,No,Low,Secondary,6.47,Poor,99,70,No
8bdeda52-dc66-4055-ab61-9e76aec5850a,18,Male,2.57,54.01,Yes,Low,Primary,9.97,Average,60,49,Yes
05502a1f-032e-4273-bbb5-9a1f3a92f4cc,15,Female,3.9,54.07,Yes,Low,Secondary,9.4,Average,62,59,Yes
29cf714e-80aa-41c6-8a38-90f0ca270430,22,Male,8.76,65.07,No,High,Primary,5.92,Average,60,100,Yes
c8322445-7c65-4afd-ae61-455d64db9ef7,21,Male,8.94,72.36,Yes,Low,Primary,6.68,Poor,84,84,No
5ab1c51c-308d-4cce-b3fa-b3fcc6243299,21,Male,4.19,86.67,Yes,Low,Primary,5.89,Average,57,84,Yes
62fc6b8a-7212-4c4e-a2cb-fa6b1e5cb729,22,Male,7.48,60.21,Yes,Low,Primary,4.13,Average,87,88,Yes
3a5722ba-45c5-4501-9106-c4dead06595d,20,Male,2.75,81.53,No,High,Primary,8.11,Poor,86,71,No
d7767251-6322-4aa2-9bd6-4332868a8839,15,Male,5.99,70.55,No,Low,Primary,6.92,Good,91,70,Yes
2705e46b-5f4c-489f-92bd-38eabeaae602,15,Female,4.29,59.22,No,Low,Higher,5.81,Poor,88,84,Yes
4bf6276b-498f-4780-8a3c-91854b2f08c2,19,Male,4.72,95.93,Yes,High,Primary,9.68,Average,71,75,Yes
ba339413-1cd4-4749-93d6-d192096c1bc5,22,Male,1.73,57.19,Yes,High,Secondary,5.43,Average,51,49,No
a1a37ceb-ae1b-4b18-989d-cbe83a775da8,15,Male,6.3,69.28,No,Medium,Primary,4.75,Good,55,72,Yes
bdc9b2ed-53a9-4616-ae40-6380cee3b651,19,Female,1.61,92.11,No,High,Secondary,6.04,Average,89,68,No
b9993d34-b90e-4b53-8425-c8f67b508af0,22,Male,5.13,91.43,Yes,Low,Primary,5.53,Good,92,68,Yes
41cb8c54-2485-4523-961d-328023e23951,17,Male,6.86,84.43,No,High,Primary,7.86,Good,75,76,No
5dae65ab-82a7-4a4c-9643-3b7b61c80659,19,Male,7.56,56.2,No,Medium,Primary,5.22,Poor,64,52,No
d65646f9-c33b-4f77-aa9f-d3891a1ebbdc,19,Female,8.69,70.42,Yes,High,Secondary,6.68,Average,75,80,No
a1d8e57c-19c0-4822-ac29-b7c4a1a21b31,19,Male,8.49,72.06,Yes,High,Secondary,9.31,Poor,85,98,No
736a2f7c-39be-4783-97b1-ce9761ed555f,20,Male,1.37,57.02,No,Medium,Higher,8.6,Average,72,77,No
45aa05c8-1ad7-49cd-ad6e-ecc46635b6fe,21,Male,5.22,71.11,No,High,Higher,8.26,Average,67,56,No
aafa0df2-2c2a-4ce3-be5b-57e0b22d5f8d,18,Male,9.27,58.05,Yes,Medium,Higher,6.38,Average,40,52,No
7d87c2da-8d07-49b9-bb82-a81cdfb0a532,16,Female,0.62,78.84,No,High,Secondary,5.2,Average,95,92,No
70b4bd93-4db6-44bc-a63e-bb73471c8e70,20,Female,2.12,90.67,No,Medium,Higher,9.74,Good,88,66,No
cd5b84ee-f045-4da1-abd2-ab1ae4b31dff,17,Female,0.53,76.0,Yes,Medium,Primary,5.91,Poor,84,100,No
d39e6e34-7431-4889-b935-b948a7355baa,22,Female,8.92,89.13,No,Low,Primary,8.37,Good,60,88,Yes
df6a7b6c-615b-4f85-b05a-0ede41d2b0b4,15,Female,5.79,73.88,No,High,Secondary,7.21,Average,90,80,Yes
941305e1-42f3-44b3-8b94-4b3f67a9a9bf,17,Female,2.11,69.15,Yes,Medium,Secondary,7.8,Good,67,75,No
7325e241-4b84-423f-953a-a7b57d9d2c46,19,Female,3.96,72.11,No,Low,Higher,8.47,Poor,50,83,Yes
212961c9-8a34-4df5-8463-dfcbd588dd67,16,Female,8.26,94.61,No,Low,Primary,9.13,Good,93,68,Yes
ca536c23-6dab-464f-985c-a1a8727b3273,19,Male,1.93,52.74,Yes,Low,Higher,7.82,Average,84,82,No
b4394fa6-860e-47d5-8f87-fbf519602722,15,Female,2.8,76.8,No,Low,Higher,5.77,Average,46,86,Yes
6577000f-e735-4aff-b575-7fd779b198e8,20,Female,7.34,83.04,Yes,Medium,Higher,9.11,Good,82,91,No
8f8fe045-faa8-4de2-9944-8919879e8832,22,Male,7.49,94.5,No,High,Secondary,8.63,Poor,72,50,No
6ad02e42-b5f5-41db-8571-d5cccfda9706,15,Male,0.35,60.24,Yes,High,Primary,8.69,Good,71,78,No
fe456d1c-733c-4916-a4c9-dcb778ab851d,21,Female,4.11,77.39,No,Medium,Primary,7.27,Average,83,75,No
73ddfcba-856f-47d9-ab8b-566c6ca7549d,17,Female,8.46,93.22,No,Low,Secondary,8.24,Poor,42,88,Yes
7786c2d8-8856-455c-aff7-06c53583acd9,21,Female,7.41,86.43,No,Medium,Higher,6.14,Good,44,51,Yes
90dc1285-44da-4260-a245-e83735c19bf0,18,Female,9.95,99.74,No,High,Primary,4.95,Poor,67,45,Yes
11556e15-ad08-41a1-bb3f-e0c996c6d332,22,Male,4.95,55.17,No,High,Primary,6.78,Good,91,100,Yes
b7fb7ebd-6ca4-40ce-8c8e-986a4a47937f,22,Male,6.63,83.7,Yes,Medium,Primary,4.44,Poor,98,76,Yes
71091ee8-b544-4204-bc5a-8b6cfb8f7cff,18,Male,6.59,90.18,No,Low,Primary,8.79,Good,86,44,No
4f842fcb-f001-471f-a370-2987d010aeea,18,Male,9.23,94.21,Yes,Medium,Secondary,4.13,Good,64,57,No
cd188300-364b-4140-8a63-ff7c47231f37,15,Female,3.19,62.55,No,Low,Secondary,5.73,Average,89,45,No
96fa2f9e-0f05-46b1-a5e3-2ed06d7a6094,22,Male,9.39,50.68,Yes,Medium,Higher,9.78,Poor,85,40,No
7cd53f85-b47b-450b-86e3-68bcab7d1eb9,22,Female,3.05,82.42,Yes,Medium,Higher,6.39,Good,91,48,Yes
255c815e-7617-4d16-93e9-3e2cdd4c2bd2,17,Female,7.67,63.13,Yes,Medium,Higher,9.12,Average,91,61,No
b4b5fe8f-2c28-4fa9-9b61-75ce1d08955c,21,Male,3.07,69.82,Yes,High,Primary,4.28,Average,67,65,Yes
2037636e-8f1e-4b22-9dd7-4e10332e4280,20,Male,4.06,88.83,No,Low,Secondary,4.35,Poor,93,50,Yes
b6fb240b-40f5-45f2-910b-1924a4e454d9,20,Male,1.0,57.44,Yes,Low,Primary,8.05,Poor,75,94,No
48f0b953-a6f3-446e-8ef9-577af06beeae,20,Male,7.79,69.72,Yes,Low,Higher,8.02,Poor,77,92,Yes
1d58a009-9e7c-4b11-a43a-98d7d7b4111f,21,Male,8.26,59.52,No,Medium,Secondary,7.84,Average,67,63,No
0765dcb7-7964-4a60-84fd-87ac46e2eb3b,16,Male,6.95,67.98,No,Medium,Secondary,7.67,Average,69,58,No
40213c90-828c-42de-8b46-a0b3e0abacb7,19,Female,0.26,86.5,No,Medium,Higher,7.27,Poor,97,88,No
c5c35918-32b7-4e9c-8473-0f4968de16c0,18,Male,1.72,83.65,Yes,Low,Higher,8.01,Poor,84,99,Yes
5350bab9-81d0-4627-8abe-366faf939f84,20,Male,0.32,58.02,No,High,Higher,5.18,Average,98,99,No
5a2f5486-08c5-4709-8060-de728cd5518d,20,Female,7.22,51.83,Yes,Low,Secondary,4.58,Good,46,53,Yes
a879d589-fda4-42b6-8bb5-8eb559bd29cd,22,Male,3.67,75.63,Yes,Medium,Secondary,6.43,Poor,64,55,Yes
f2fc596d-0eb1-4902-b6c6-d309f0b77db4,22,Male,7.38,87.01,No,High,Higher,8.0,Poor,90,72,Yes
df4aaf6c-3421-4718-bd5d-c2a00b09d14e,17,Female,2.21,98.27,Yes,High,Higher,7.39,Poor,55,85,No
b2b3102d-1a06-40fb-a4f8-2b5bcffbf4af,18,Male,8.24,92.44,No,High,Primary,5.26,Good,66,90,No
f4279973-df66-461f-a586-50f375c58e1e,18,Male,1.31,93.12,Yes,Low,Secondary,6.64,Good,45,63,Yes
d9471e87-ce89-454b-9a15-ba59858f4b1f,21,Male,0.78,93.99,No,Low,Secondary,6.23,Poor,67,42,Yes
804c8b65-aee0-4d40-b477-98f77ff52dd0,20,Female,9.86,52.2,No,Low,Higher,5.58,Poor,51,70,No
7b20c772-fe7d-4336-99d3-ef55a96731bc,18,Male,2.03,70.61,No,Medium,Higher,9.56,Average,87,41,No
dfaded30-947e-4c28-9121-4e49e8943ecb,15,Female,1.76,52.09,No,Medium,Primary,5.83,Good,78,74,No
982845cd-7a90-4808-ab8f-225b7d574e4e,18,Female,1.86,99.36,No,High,Primary,6.51,Average,81,57,Yes
3e884d07-c509-40c7-9059-f80a0faafadc,22,Female,9.3,78.14,No,Medium,Primary,8.12,Poor,46,66,Yes
ea54201b-e192-428a-b77a-7caefc7632b1,15,Female,9.37,64.82,No,Medium,Secondary,4.18,Poor,93,49,Yes
323711c4-9f85-4f13-803e-02965470889f,15,Female,8.33,66.27,Yes,Medium,Higher,6.34,Average,98,56,Yes
61d9bbe8-0e13-4ccc-b846-84426dbf13d5,17,Female,6.74,91.03,Yes,Low,Higher,5.6,Average,82,54,Yes
6d8b0215-c16a-41e8-80fc-aaf2b0d9f803,18,Male,2.86,57.01,No,High,Primary,9.39,Poor,100,75,No
517d1620-a614-4bc2-a99e-102f9e21b738,17,Male,7.37,72.87,No,Medium,Primary,5.49,Good,100,78,No
80e20829-5751-4695-b2d5-7b93cf2dbd53,19,Male,1.88,98.88,No,High,Higher,7.65,Poor,53,71,No
933e850f-2efb-4b46-b420-e5e86b3656ef,20,Male,7.4,94.25,No,High,Primary,4.51,Poor,56,59,No
1cdb6c9e-3020-4263-9dd9-41292955ed21,18,Male,7.25,71.39,Yes,Medium,Secondary,7.62,Average,76,51,No
31138f8c-4f86-4cb4-b0e1-9398a05539e8,17,Female,6.04,74.51,Yes,Medium,Secondary,5.62,Average,44,79,Yes
c62731a1-212e-4517-8064-adbd314de600,19,Female,9.78,57.84,No,High,Primary,8.96,Poor,80,67,Yes
c0e53e48-ea6c-483b-9076-d4f5ba5500c3,20,Female,2.7,63.38,Yes,Low,Higher,5.83,Average,45,84,No
b65aab9e-34e4-4055-927d-d8366cfc4e9c,20,Female,4.13,66.53,Yes,Low,Primary,7.49,Average,45,97,No
7f16eaa9-d2de-46e4-82a6-4170b74607ce,18,Male,8.02,62.16,Yes,Low,Secondary,4.58,Poor,81,72,No
b6b35975-98cb-4934-bc76-5fa89e338309,22,Male,2.52,95.05,No,Low,Secondary,9.44,Average,100,53,No
007913ce-d013-4680-8445-f3a4f653330d,21,Female,8.68,55.9,Yes,High,Higher,4.52,Good,67,78,Yes
ee6202ce-d15a-4470-a03d-f7ccf681487a,16,Male,0.03,62.79,No,Low,Higher,9.94,Good,68,40,No
f5441132-4744-445d-b85e-84aa64797aa6,21,Female,6.52,85.89,Yes,Medium,Secondary,5.8,Poor,96,90,Yes
8747e538-db7b-4c83-ae75-05c38b37932e,21,Female,3.36,59.47,Yes,High,Higher,8.9,Average,70,63,Yes
ab199eb1-3f5e-4f87-b063-2a6ae040ce70,18,Male,5.75,95.28,Yes,Low,Secondary,7.74,Poor,100,50,No
77b759fa-fcfc-4b57-929c-aecd806ab838,17,Female,5.94,77.36,No,Medium,Higher,8.44,Good,59,59,Yes
11f2ce9f-209b-459f-ad98-a7e44550aa9f,18,Female,7.09,76.08,No,Medium,Higher,4.15,Poor,85,93,No
8f7557ca-e63b-4a21-abbe-89e3d8a7e4c0,16,Female,3.74,85.43,No,High,Secondary,6.9,Average,80,65,Yes
4cb9342e-098c-4dac-86cf-13bb243a1fa0,20,Female,9.78,99.38,Yes,High,Secondary,6.7,Poor,90,49,No
d9e6142f-fa5d-4879-8008-31366fd5472c,20,Female,0.36,94.18,Yes,Low,Secondary,7.83,Poor,55,100,Yes
ca9c7325-aa3c-4743-b6eb-6fd6a193549a,19,Female,6.57,66.55,Yes,Medium,Primary,9.11,Average,91,51,No
94e6d510-a040-4cc1-a459-4b8c3b298419,18,Female,5.8,86.71,Yes,Low,Higher,4.72,Good,83,55,Yes
eb55e8ad-4428-437c-aab9-0e643f2e928b,15,Female,4.03,72.79,No,Medium,Secondary,7.44,Average,62,68,Yes
5c2274ec-baa1-4152-ac4e-cbded9b1d997,16,Female,0.12,85.34,No,Medium,Higher,5.08,Average,54,49,No
fe0df00c-184e-4e8e-9688-d16d835c3182,17,Male,7.99,93.01,Yes,Low,Primary,4.42,Average,43,62,Yes
77c5028b-67b9-42ed-9df0-d4e71e1499e7,21,Female,8.38,63.08,No,Low,Secondary,5.16,Average,75,40,No
d1e45ca3-95f5-437a-a499-8cd8c97522e7,19,Female,1.24,52.86,No,Medium,Secondary,7.61,Poor,47,59,Yes
e8a9fc06-cab4-4f3b-9894-e608ce7b5d90,19,Female,3.23,78.13,Yes,High,Secondary,9.25,Good,63,50,No
63ffa827-4327-4207-a1ad-dc23f9080108,17,Female,2.95,52.26,No,Low,Primary,6.22,Average,86,83,Yes
6968a799-82db-46ef-9ce7-4b6b2c2a1e1d,18,Female,6.27,99.6,Yes,High,Secondary,4.83,Average,42,55,Yes
7b1f1093-463b-4848-b801-a3c9f3aef994,21,Male,1.64,54.22,Yes,High,Primary,6.84,Good,81,69,Yes
7ddc49d1-e896-4ce9-833a-2fa40fcacc8a,15,Female,4.37,91.59,Yes,Medium,Secondary,6.15,Average,68,64,Yes
ef6f624f-7f6e-402c-9ab4-b0e6c449c826,18,Male,7.89,70.99,No,Low,Secondary,6.46,Average,60,77,Yes
ce4e5981-493e-4dec-af99-69ef8379f845,21,Female,2.69,81.31,No,Low,Primary,5.72,Average,88,61,No
59847c70-b483-4d80-8811-a49794b07b18,16,Female,7.01,51.29,No,High,Secondary,9.36,Average,74,63,Yes
e3ac2733-f858-4885-b147-93312ca42fce,19,Male,2.08,52.56,Yes,Medium,Higher,4.36,Good,40,79,Yes
72e327a6-d948-4245-b9dd-6b4caf526da4,17,Female,3.29,89.11,No,High,Primary,4.83,Average,78,75,Yes
2c6b6122-5071-4733-a9ef-6207e986d2a2,21,Male,7.36,51.67,Yes,Low,Higher,9.72,Good,93,77,Yes
75ee4760-e9f9-4778-8967-c1db54fdaa24,20,Female,4.02,63.52,No,Low,Secondary,5.08,Poor,45,54,Yes
e8d158e4-5bea-484a-9c83-807ea65fc905,22,Female,7.11,72.08,No,High,Primary,4.82,Poor,75,84,Yes
01897c92-66f1-46aa-aa27-b7bc57397b36,21,Male,0.4,80.13,Yes,Medium,Higher,6.37,Poor,96,78,No
c32a0cc9-ca5d-4411-9a82-08267ab2fcbc,17,Male,2.69,54.16,Yes,Low,Higher,5.52,Average,41,96,Yes
4c2348d7-ddd3-45af-bd2d-4c7805b8a408,15,Male,8.38,71.44,Yes,High,Secondary,8.87,Average,64,60,Yes
df15e31d-18eb-4e33-abf4-3b7320290f51,15,Female,8.1,84.52,Yes,Low,Secondary,9.62,Good,62,67,No
bd17418a-41a0-4334-a8d6-6c4b594fdc62,19,Male,5.22,94.51,Yes,High,Higher,9.77,Average,50,40,Yes
18444ac0-8380-4575-88cf-c8d2f04b8bbc,16,Female,8.76,80.75,No,Low,Higher,4.75,Poor,43,91,No
0f232b0e-62d3-4da7-9034-7675a165b36a,20,Male,1.87,65.11,Yes,High,Higher,4.53,Poor,96,69,No
cc717aeb-225f-4b3c-983f-939c29d34806,19,Female,3.65,85.2,No,Low,Primary,5.39,Good,80,82,Yes
8fa25c31-be84-4100-b511-3b506409c764,19,Male,2.39,86.7,No,High,Primary,8.04,Average,78,84,No
9e041482-2a52-4061-8725-8e8b6e4989b5,17,Male,0.87,50.05,No,High,Secondary,9.3,Average,59,81,Yes
752260e3-3623-49f6-9a6c-a6c2652f9f09,21,Female,3.79,79.7,Yes,Low,Primary,4.1,Good,65,40,No
e1351fa8-5842-4cd3-9c6a-29f7b415023b,15,Male,7.67,54.65,Yes,Low,Higher,5.02,Average,94,43,Yes
f15bc622-d09a-4b34-b41b-cc504a246123,19,Male,5.72,95.93,No,High,Higher,5.21,Good,64,68,Yes
92a2a986-c5e4-4d41-b47a-c36db58fe00c,18,Male,0.83,63.47,No,Medium,Secondary,5.31,Average,76,49,No
a8dc7d16-c2c3-4ce5-a79d-5b0616865e2a,19,Male,6.85,61.76,Yes,Low,Primary,6.1,Poor,81,83,Yes
d9c704b8-affc-4f00-9e9e-77c9ca0648f5,16,Male,8.24,86.03,No,High,Primary,5.22,Poor,56,50,No
9cf3f11f-5422-4884-a840-46267dafc9f5,17,Male,9.05,65.57,No,Medium,Primary,4.05,Average,87,48,Yes
e9f0e38f-bd4e-4777-8806-651cafaca539,18,Female,3.72,97.22,Yes,Low,Higher,6.92,Poor,57,98,No
f86a3ce5-ea5b-4a36-9d73-226300459237,15,Female,8.28,83.72,Yes,Medium,Higher,5.46,Good,43,52,Yes
90a113e1-781c-4e25-a3b0-929ba6b43e10,22,Female,2.82,71.61,Yes,High,Primary,9.2,Good,48,60,Yes
2613e386-f5af-4e1f-8984-896d1f55afdc,19,Female,6.34,75.14,Yes,Medium,Primary,8.01,Average,75,75,No
27cc9f83-51ce-48b3-9dea-fa591a276dc9,21,Female,7.33,84.91,No,Low,Higher,5.06,Poor,58,59,Yes
df8ff8c4-aa73-4ac9-8c38-ba09e463d151,21,Male,8.47,76.51,No,Low,Secondary,6.12,Good,78,68,No
8a892273-33b3-4cca-a809-3e586b0ed87b,20,Female,0.01,68.47,Yes,Medium,Secondary,5.46,Good,78,95,Yes
499fe757-5265-4ff4-bf46-cd14829b8a3b,18,Female,9.09,85.98,No,Low,Higher,6.08,Good,99,54,Yes
29209f0d-4192-49c8-90e4-ddba51419ff8,21,Male,9.17,80.47,No,Medium,Secondary,7.6,Good,54,100,Yes
6cc4812a-a0fb-404d-9e6e-af2fb9bf0522,19,Female,1.56,91.76,No,Medium,Higher,9.04,Poor,68,83,Yes
e3a449c6-303a-403a-82b2-1d119a749602,17,Male,7.98,87.52,No,Low,Primary,6.91,Good,50,87,No
2d29fe13-2c2e-470b-aed4-85f174061392,16,Male,5.0,62.81,No,Low,Higher,8.83,Average,98,51,Yes
2c2deb01-cfd7-47ad-8c8e-76502b3646ee,15,Male,1.3,74.4,Yes,Medium,Higher,4.06,Good,56,58,No
11a00a61-8fa3-4b20-9c9d-578cd8063f32,18,Female,3.07,65.14,Yes,Medium,Higher,7.23,Average,73,52,Yes
db50f7fa-ca6d-4eac-9339-8d8e9e609328,16,Male,0.12,60.29,Yes,High,Primary,4.66,Poor,97,76,No
33e2a10e-d884-4ddd-b0b4-3f2a4ef167f9,17,Male,5.26,82.92,Yes,High,Primary,9.25,Average,74,43,No
a4f00a90-48f9-4d9a-8b79-9c0b44d21400,18,Male,7.13,65.65,Yes,High,Higher,4.45,Average,97,69,Yes
54ce4ddc-7ff8-4620-a0cc-ba54ff856290,16,Male,1.86,62.52,Yes,High,Higher,4.6,Average,56,73,No
2a5a457e-7eec-41f6-a941-d2a665e6e81c,16,Female,8.6,60.04,Yes,Medium,Secondary,6.76,Poor,47,79,No
d1719985-2dbe-450b-88b9-93679e2b2973,22,Male,0.4,86.64,No,High,Primary,6.03,Good,45,59,Yes
143b3b2b-47b2-46fd-9218-a745b4e103d9,21,Male,6.19,99.15,Yes,Medium,Secondary,5.93,Average,63,95,Yes
9adbb34e-dce4-476a-b0d6-89afc4dcb4e0,22,Female,6.44,75.35,No,Medium,Primary,9.74,Average,81,46,Yes
251e2419-3220-4499-87ce-79594f500463,16,Male,9.16,91.02,Yes,Low,Secondary,6.15,Average,44,50,No
e0bcd30e-0068-4438-ade3-52a06dc922b6,16,Male,9.38,65.46,No,Low,Higher,5.79,Good,66,59,Yes
d9c402e4-6f8d-4258-bc92-1ffe073cc898,18,Female,5.55,87.47,No,Low,Primary,9.74,Poor,75,96,Yes
9f53b6b0-15e5-48b2-8762-d8d4910a9c6a,21,Male,7.97,71.85,Yes,High,Primary,9.64,Average,69,51,Yes
4109cd44-370b-4c3c-9ed0-d9e0b8336122,22,Female,2.69,98.82,No,Medium,Secondary,7.79,Average,98,55,Yes
e324dc1e-b11b-496c-a7b9-177452543235,15,Female,2.0,63.2,No,Low,Secondary,5.97,Average,84,73,Yes
db4e93b9-f88b-4be8-a922-37699f4c084c,21,Female,4.39,74.7,No,High,Secondary,6.26,Poor,97,65,Yes
08115067-e105-45ae-b55f-2b1b02fe475d,18,Female,2.54,79.96,Yes,High,Primary,7.61,Average,51,81,Yes
e9b0b3fd-bce0-44fb-8b48-1fabd278f5e8,17,Female,6.06,77.67,Yes,High,Secondary,7.74,Poor,90,63,Yes
0057bca9-a8ca-42b9-bd9d-62590d39ba06,18,Female,6.11,84.98,No,High,Higher,5.95,Average,86,83,No
84028c44-daa4-4fac-a519-d7873eab86e0,18,Female,2.47,57.18,Yes,Medium,Secondary,7.1,Average,82,81,Yes
9ea64593-9635-4b45-9570-275371f76e11,16,Female,8.66,76.95,Yes,Medium,Secondary,8.22,Good,62,76,No
adb0cacf-e1eb-48f5-b3da-0f272047d30d,21,Female,2.41,58.62,Yes,High,Higher,4.52,Average,45,93,No
d08d7e87-b8b6-4333-8809-c52433c215fa,16,Female,3.8,75.12,Yes,Medium,Primary,7.61,Average,98,42,Yes
8d8366e7-4a23-47c3-97d5-5f447c98e57f,19,Female,7.53,67.17,Yes,Low,Higher,6.65,Good,82,89,Yes
49a31175-606d-4d68-9d4e-1e4d269950df,18,Male,2.43,69.07,No,High,Higher,8.29,Poor,57,78,No
18e92272-0eaf-4476-9511-e0356965daa8,18,Male,3.57,79.87,No,Medium,Secondary,8.26,Poor,48,55,Yes
65573850-baf0-46ed-af85-45d76b09d7f2,20,Male,4.05,53.85,No,Low,Primary,8.72,Good,84,50,No
2dac7f20-7d2a-48b5-a4af-470a3211b1b9,21,Female,7.29,62.65,Yes,Low,Secondary,5.06,Poor,70,92,No
c7761166-f1aa-4d40-ad66-b35747507324,16,Female,9.01,66.67,Yes,Low,Higher,9.86,Good,59,94,Yes
7808ebc5-ff2d-4387-b94c-1f40a5e56540,15,Male,4.87,84.6,Yes,Medium,Higher,8.12,Good,77,46,No
b7becdb3-cefd-4b4e-a394-1197a0378e36,15,Female,1.82,90.95,Yes,Low,Secondary,6.19,Good,46,54,No
bf9120ef-883a-493e-ae04-6e089afd189f,17,Female,8.26,92.66,No,Low,Higher,8.61,Poor,97,41,No
f18848c3-aada-4062-8636-ffb10e8036a6,17,Male,5.84,61.17,Yes,High,Secondary,5.44,Average,41,99,Yes
7eb7f6a6-dc67-4f8c-83bf-980a678ac2e7,16,Female,2.66,72.62,No,High,Higher,8.28,Poor,55,90,No
04462774-42cb-4edd-888a-423584c277e5,16,Male,7.87,64.85,No,High,Higher,6.95,Good,63,56,Yes
a6531215-57c1-4dc6-8309-bdd701e3bfd7,16,Female,4.15,96.16,Yes,High,Primary,6.75,Good,73,51,No
4c71420c-7986-4a36-a177-6bd49fee1b8e,16,Female,1.34,60.96,No,Medium,Primary,4.3,Good,56,57,Yes
94a08cbf-4fb2-4651-a354-5b0301791930,18,Female,6.55,60.2,Yes,High,Higher,7.19,Good,94,66,No
b2600a88-ae0c-4bba-9f4c-59c8e25a2f0c,21,Male,4.69,82.25,Yes,Medium,Secondary,6.46,Average,64,81,Yes
15fea870-2cf5-4da9-98a3-32b8b9279094,18,Male,7.82,80.78,No,Medium,Higher,7.55,Average,72,53,No
9df044d4-5467-46a5-b522-9b1009e7c56e,20,Male,5.35,88.17,Yes,Low,Higher,6.66,Poor,76,83,No
614f46be-b074-420e-bc4b-5880853123c0,15,Female,8.23,99.58,Yes,Medium,Primary,8.76,Average,71,43,Yes
8c40a0cc-af57-4658-a2fc-ece643cf0d20,17,Male,0.51,88.19,Yes,High,Secondary,9.48,Good,56,41,Yes
d23a346a-198a-4109-8c89-685b73a7bb76,20,Female,2.45,73.21,Yes,Low,Primary,9.98,Poor,58,44,Yes
872e2a99-9f26-4ca1-a620-8e7eb6f299f7,17,Female,1.54,56.85,Yes,High,Secondary,9.65,Good,72,98,Yes
70e23c8e-55c1-4b92-aab1-a4a71a9017d8,15,Male,3.45,52.79,Yes,High,Higher,7.96,Average,46,89,No
168a7948-5ed4-4855-ace2-6e036b6a0968,16,Female,5.85,71.48,No,Medium,Higher,7.65,Average,42,49,Yes
bf5e2aef-3a82-49b8-bdeb-15aab004a0a9,18,Female,2.29,78.76,Yes,High,Primary,8.73,Good,42,76,Yes
f9c97660-90d1-45bf-a1c0-462ae95e113c,22,Female,7.63,62.55,Yes,Medium,Secondary,4.74,Good,77,40,Yes
b9fa261c-0803-4068-a5e9-1783b2dae37a,21,Female,1.2,97.73,Yes,Medium,Primary,6.47,Average,40,69,No
25d63f74-b14e-4de4-a4ec-02dcbd2fa4d6,16,Male,0.25,58.52,No,High,Secondary,9.46,Good,80,64,Yes
c9b15284-85fa-4792-a0fe-48b6b33b3c97,17,Female,1.15,98.11,No,Low,Secondary,5.28,Average,70,82,Yes
d39bb163-e83a-4892-a78d-a92d568715f1,15,Female,1.06,95.81,Yes,Low,Secondary,7.29,Good,53,48,Yes
11860d89-6474-4626-8db2-f3e7c59db219,20,Female,5.23,71.98,No,Low,Secondary,6.06,Good,87,59,Yes
dd5c9dca-9491-4d6a-9ca4-ca67294f1a0a,15,Female,3.06,82.31,Yes,High,Primary,6.23,Good,75,71,Yes
df6d0f0f-ba42-4755-b02c-8fa8598223d0,16,Female,0.66,73.97,Yes,Medium,Secondary,6.8,Good,87,60,No
19e740bc-fc3a-4cd8-91a8-107d6e6a2a84,15,Male,6.7,50.24,No,High,Primary,7.86,Good,54,55,No
a6a00534-b34d-4b79-b3f7-e3951eb025bc,20,Female,1.02,89.99,No,Medium,Primary,7.22,Good,89,87,No
36992f19-c1a7-4c57-bad3-543bea78780a,22,Female,1.77,65.27,No,High,Primary,7.32,Poor,60,46,Yes
ae5e20a3-44bc-4081-b981-a19fde56f110,17,Female,5.51,82.96,Yes,High,Primary,5.94,Average,50,90,No
32641d67-5ff3-455d-a016-0328bf65ccae,16,Male,6.4,73.28,No,High,Secondary,7.93,Good,53,66,No
